KEY,FREQ,CURRENCY,CURRENCY_DENOM,EXR_TYPE,EXR_SUFFIX,TIME_PERIOD,OBS_VALUE,OBS_STATUS,OBS_CONF,OBS_PRE_BREAK,OBS_COM,TIME_FORMAT,BREAKS,COLLECTION,COMPILING_ORG,DISS_ORG,DOM_SER_IDS,PUBL_ECB,PUBL_MU,PUBL_PUBLIC,UNIT_INDEX_BASE,COMPILATION,COVERAGE,DECIMALS,NAT_TITLE,SOURCE_AGENCY,SOURCE_PUB,TITLE,TITLE_COMPL,UNIT,UNIT_MULT
EXR.M.CAD.EUR.SP00.A,M,CAD,EUR,SP00,A,1999-01,1.76461,A,F,,,P1M,,A,,,,,,,99Q1=100,,,4,,4F0,,Canadian dollar/Euro ECB reference exchange rate,"ECB reference exchange rate, Canadian dollar/Euro, 2.15 pm (C.E.T.)",CAD,0
EXR.M.CAD.EUR.SP00.A,M,CAD,EUR,SP00,A,1999-02,1.67856,A,F,,,P1M,,A,,,,,,,99Q1=100,,,4,,4F0,,Canadian dollar/Euro ECB reference exchange rate,"ECB reference exchange rate, Canadian dollar/Euro, 2.15 pm (C.E.T.)",CAD,0
EXR.M.CAD.EUR.SP00.A,M,CAD,EUR,SP00,A,1999-03,1.651,A,F,,,P1M,,A,,,,,,,99Q1=100,,,4,,4F0,,Canadian dollar/Euro ECB reference exchange rate,"ECB reference exchange rate, Canadian dollar/Euro, 2.15 pm (C.E.T.)",CAD,0
EXR.M.CAD.EUR.SP00.A,M,CAD,EUR,SP00,A,1999-04,1.5943863636364,A,F,,,P1M,,A,,,,,,,99Q1=100,,,4,,4F0,,Canadian dollar/Euro ECB reference exchange rate,"ECB reference exchange rate, Canadian dollar/Euro, 2.15 pm (C.E.T.)",CAD,0
EXR.M.CAD.EUR.SP00.A,M,CAD,EUR,SP00,A,1999-05,1.5526571428571,A,F,,,P1M,,A,,,,,,,99Q1=100,,,4,,4F0,,Canadian dollar/Euro ECB reference exchange rate,"ECB reference exchange rate, Canadian dollar/Euro, 2.15 pm (C.E.T.)",CAD,0
EXR.M.CAD.EUR.SP00.A,M,CAD,EUR,SP00,A,1999-06,1.5244181818182,A,F,,,P1M,,A,,,,,,,99Q1=100,,,4,,4F0,,Canadian dollar/Euro ECB reference exchange rate,"ECB reference exchange rate, Canadian dollar/Euro, 2.15 pm (C.E.T.)",CAD,0
EXR.M.CAD.EUR.SP00.A,M,CAD,EUR,SP00,A,1999-07,1.5402772727273,A,F,,,P1M,,A,,,,,,,99Q1=100,,,4,,4F0,,Canadian dollar/Euro ECB reference exchange rate,"ECB reference exchange rate, Canadian dollar/Euro, 2.15 pm (C.E.T.)",CAD,0
EXR.M.CAD.EUR.SP00.A,M,CAD,EUR,SP00,A,1999-08,1.5832772727273,A,F,,,P1M,,A,,,,,,,99Q1=100,,,4,,4F0,,Canadian dollar/Euro ECB reference exchange rate,"ECB reference exchange rate, Canadian dollar/Euro, 2.15 pm (C.E.T.)",CAD,0
EXR.M.CAD.EUR.SP00.A,M,CAD,EUR,SP00,A,1999-09,1.5518090909091,A,F,,,P1M,,A,,,,,,,99Q1=100,,,4,,4F0,,Canadian dollar/Euro ECB reference exchange rate,"ECB reference exchange rate, Canadian dollar/Euro, 2.15 pm (C.E.T.)",CAD,0
EXR.M.CAD.EUR.SP00.A,M,CAD,EUR,SP00,A,1999-10,1.5807904761905,A,F,,,P1M,,A,,,,,,,99Q1=100,,,4,,4F0,,Canadian dollar/Euro ECB reference exchange rate,"ECB reference exchange rate, Canadian dollar/Euro, 2.15 pm (C.E.T.)",CAD,0
EXR.M.CAD.EUR.SP00.A,M,CAD,EUR,SP00,A,1999-11,1.5159681818182,A,F,,,P1M,,A,,,,,,,99Q1=100,,,4,,4F0,,Canadian dollar/Euro ECB reference exchange rate,"ECB reference exchange rate, Canadian dollar/Euro, 2.15 pm (C.E.T.)",CAD,0
EXR.M.CAD.EUR.SP00.A,M,CAD,EUR,SP00,A,1999-12,1.4905727272727,A,F,,,P1M,,A,,,,,,,99Q1=100,,,4,,4F0,,Canadian dollar/Euro ECB reference exchange rate,"ECB reference exchange rate, Canadian dollar/Euro, 2.15 pm (C.E.T.)",CAD,0
EXR.M.CAD.EUR.SP00.A,M,CAD,EUR,SP00,A,2000-01,1.4686523809524,A,F,,,P1M,,A,,,,,,,99Q1=100,,,4,,4F0,,Canadian dollar/Euro ECB reference exchange rate,"ECB reference exchange rate, Canadian dollar/Euro, 2.15 pm (C.E.T.)",CAD,0
EXR.M.CAD.EUR.SP00.A,M,CAD,EUR,SP00,A,2000-02,1.4270428571429,A,F,,,P1M,,A,,,,,,,99Q1=100,,,4,,4F0,,Canadian dollar/Euro ECB reference exchange rate,"ECB reference exchange rate, Canadian dollar/Euro, 2.15 pm (C.E.T.)",CAD,0
EXR.M.CAD.EUR.SP00.A,M,CAD,EUR,SP00,A,2000-03,1.408152173913,A,F,,,P1M,,A,,,,,,,99Q1=100,,,4,,4F0,,Canadian dollar/Euro ECB reference exchange rate,"ECB reference exchange rate, Canadian dollar/Euro, 2.15 pm (C.E.T.)",CAD,0
EXR.M.CAD.EUR.SP00.A,M,CAD,EUR,SP00,A,2000-04,1.3890277777778,A,F,,,P1M,,A,,,,,,,99Q1=100,,,4,,4F0,,Canadian dollar/Euro ECB reference exchange rate,"ECB reference exchange rate, Canadian dollar/Euro, 2.15 pm (C.E.T.)",CAD,0
EXR.M.CAD.EUR.SP00.A,M,CAD,EUR,SP00,A,2000-05,1.3549318181818,A,F,,,P1M,,A,,,,,,,99Q1=100,,,4,,4F0,,Canadian dollar/Euro ECB reference exchange rate,"ECB reference exchange rate, Canadian dollar/Euro, 2.15 pm (C.E.T.)",CAD,0
EXR.M.CAD.EUR.SP00.A,M,CAD,EUR,SP00,A,2000-06,1.4018181818182,A,F,,,P1M,,A,,,,,,,99Q1=100,,,4,,4F0,,Canadian dollar/Euro ECB reference exchange rate,"ECB reference exchange rate, Canadian dollar/Euro, 2.15 pm (C.E.T.)",CAD,0
EXR.M.CAD.EUR.SP00.A,M,CAD,EUR,SP00,A,2000-07,1.3886333333333,A,F,,,P1M,,A,,,,,,,99Q1=100,,,4,,4F0,,Canadian dollar/Euro ECB reference exchange rate,"ECB reference exchange rate, Canadian dollar/Euro, 2.15 pm (C.E.T.)",CAD,0
EXR.M.CAD.EUR.SP00.A,M,CAD,EUR,SP00,A,2000-08,1.3405913043478,A,F,,,P1M,,A,,,,,,,99Q1=100,,,4,,4F0,,Canadian dollar/Euro ECB reference exchange rate,"ECB reference exchange rate, Canadian dollar/Euro, 2.15 pm (C.E.T.)",CAD,0
EXR.M.CAD.EUR.SP00.A,M,CAD,EUR,SP00,A,2000-09,1.2945238095238,A,F,,,P1M,,A,,,,,,,99Q1=100,,,4,,4F0,,Canadian dollar/Euro ECB reference exchange rate,"ECB reference exchange rate, Canadian dollar/Euro, 2.15 pm (C.E.T.)",CAD,0
EXR.M.CAD.EUR.SP00.A,M,CAD,EUR,SP00,A,2000-10,1.2923636363636,A,F,,,P1M,,A,,,,,,,99Q1=100,,,4,,4F0,,Canadian dollar/Euro ECB reference exchange rate,"ECB reference exchange rate, Canadian dollar/Euro, 2.15 pm (C.E.T.)",CAD,0
EXR.M.CAD.EUR.SP00.A,M,CAD,EUR,SP00,A,2000-11,1.3204,A,F,,,P1M,,A,,,,,,,99Q1=100,,,4,,4F0,,Canadian dollar/Euro ECB reference exchange rate,"ECB reference exchange rate, Canadian dollar/Euro, 2.15 pm (C.E.T.)",CAD,0
EXR.M.CAD.EUR.SP00.A,M,CAD,EUR,SP00,A,2000-12,1.3679052631579,A,F,,,P1M,,A,,,,,,,99Q1=100,,,4,,4F0,,Canadian dollar/Euro ECB reference exchange rate,"ECB reference exchange rate, Canadian dollar/Euro, 2.15 pm (C.E.T.)",CAD,0
EXR.M.CAD.EUR.SP00.A,M,CAD,EUR,SP00,A,2001-01,1.4097818181818,A,F,,,P1M,,A,,,,,,,99Q1=100,,,4,,4F0,,Canadian dollar/Euro ECB reference exchange rate,"ECB reference exchange rate, Canadian dollar/Euro, 2.15 pm (C.E.T.)",CAD,0
EXR.M.CAD.EUR.SP00.A,M,CAD,EUR,SP00,A,2001-02,1.402665,A,F,,,P1M,,A,,,,,,,99Q1=100,,,4,,4F0,,Canadian dollar/Euro ECB reference exchange rate,"ECB reference exchange rate, Canadian dollar/Euro, 2.15 pm (C.E.T.)",CAD,0
EXR.M.CAD.EUR.SP00.A,M,CAD,EUR,SP00,A,2001-03,1.4166909090909,A,F,,,P1M,,A,,,,,,,99Q1=100,,,4,,4F0,,Canadian dollar/Euro ECB reference exchange rate,"ECB reference exchange rate, Canadian dollar/Euro, 2.15 pm (C.E.T.)",CAD,0
EXR.M.CAD.EUR.SP00.A,M,CAD,EUR,SP00,A,2001-04,1.3902631578947,A,F,,,P1M,,A,,,,,,,99Q1=100,,,4,,4F0,,Canadian dollar/Euro ECB reference exchange rate,"ECB reference exchange rate, Canadian dollar/Euro, 2.15 pm (C.E.T.)",CAD,0
EXR.M.CAD.EUR.SP00.A,M,CAD,EUR,SP00,A,2001-05,1.3472909090909,A,F,,,P1M,,A,,,,,,,99Q1=100,,,4,,4F0,,Canadian dollar/Euro ECB reference exchange rate,"ECB reference exchange rate, Canadian dollar/Euro, 2.15 pm (C.E.T.)",CAD,0
EXR.M.CAD.EUR.SP00.A,M,CAD,EUR,SP00,A,2001-06,1.3015523809524,A,F,,,P1M,,A,,,,,,,99Q1=100,,,4,,4F0,,Canadian dollar/Euro ECB reference exchange rate,"ECB reference exchange rate, Canadian dollar/Euro, 2.15 pm (C.E.T.)",CAD,0
EXR.M.CAD.EUR.SP00.A,M,CAD,EUR,SP00,A,2001-07,1.3153363636364,A,F,,,P1M,,A,,,,,,,99Q1=100,,,4,,4F0,,Canadian dollar/Euro ECB reference exchange rate,"ECB reference exchange rate, Canadian dollar/Euro, 2.15 pm (C.E.T.)",CAD,0
EXR.M.CAD.EUR.SP00.A,M,CAD,EUR,SP00,A,2001-08,1.3857304347826,A,F,,,P1M,,A,,,,,,,99Q1=100,,,4,,4F0,,Canadian dollar/Euro ECB reference exchange rate,"ECB reference exchange rate, Canadian dollar/Euro, 2.15 pm (C.E.T.)",CAD,0
EXR.M.CAD.EUR.SP00.A,M,CAD,EUR,SP00,A,2001-09,1.425995,A,F,,,P1M,,A,,,,,,,99Q1=100,,,4,,4F0,,Canadian dollar/Euro ECB reference exchange rate,"ECB reference exchange rate, Canadian dollar/Euro, 2.15 pm (C.E.T.)",CAD,0
EXR.M.CAD.EUR.SP00.A,M,CAD,EUR,SP00,A,2001-10,1.4224260869565,A,F,,,P1M,,A,,,,,,,99Q1=100,,,4,,4F0,,Canadian dollar/Euro ECB reference exchange rate,"ECB reference exchange rate, Canadian dollar/Euro, 2.15 pm (C.E.T.)",CAD,0
EXR.M.CAD.EUR.SP00.A,M,CAD,EUR,SP00,A,2001-11,1.4152863636364,A,F,,,P1M,,A,,,,,,,99Q1=100,,,4,,4F0,,Canadian dollar/Euro ECB reference exchange rate,"ECB reference exchange rate, Canadian dollar/Euro, 2.15 pm (C.E.T.)",CAD,0
EXR.M.CAD.EUR.SP00.A,M,CAD,EUR,SP00,A,2001-12,1.4075166666667,A,F,,,P1M,,A,,,,,,,99Q1=100,,,4,,4F0,,Canadian dollar/Euro ECB reference exchange rate,"ECB reference exchange rate, Canadian dollar/Euro, 2.15 pm (C.E.T.)",CAD,0
EXR.M.CAD.EUR.SP00.A,M,CAD,EUR,SP00,A,2002-01,1.4134681818182,A,F,,,P1M,,A,,,,,,,99Q1=100,,,4,,4F0,,Canadian dollar/Euro ECB reference exchange rate,"ECB reference exchange rate, Canadian dollar/Euro, 2.15 pm (C.E.T.)",CAD,0
EXR.M.CAD.EUR.SP00.A,M,CAD,EUR,SP00,A,2002-02,1.38798,A,F,,,P1M,,A,,,,,,,99Q1=100,,,4,,4F0,,Canadian dollar/Euro ECB reference exchange rate,"ECB reference exchange rate, Canadian dollar/Euro, 2.15 pm (C.E.T.)",CAD,0
EXR.M.CAD.EUR.SP00.A,M,CAD,EUR,SP00,A,2002-03,1.39025,A,F,,,P1M,,A,,,,,,,99Q1=100,,,4,,4F0,,Canadian dollar/Euro ECB reference exchange rate,"ECB reference exchange rate, Canadian dollar/Euro, 2.15 pm (C.E.T.)",CAD,0
EXR.M.CAD.EUR.SP00.A,M,CAD,EUR,SP00,A,2002-04,1.4007857142857,A,F,,,P1M,,A,,,,,,,99Q1=100,,,4,,4F0,,Canadian dollar/Euro ECB reference exchange rate,"ECB reference exchange rate, Canadian dollar/Euro, 2.15 pm (C.E.T.)",CAD,0
EXR.M.CAD.EUR.SP00.A,M,CAD,EUR,SP00,A,2002-05,1.4210090909091,A,F,,,P1M,,A,,,,,,,99Q1=100,,,4,,4F0,,Canadian dollar/Euro ECB reference exchange rate,"ECB reference exchange rate, Canadian dollar/Euro, 2.15 pm (C.E.T.)",CAD,0
EXR.M.CAD.EUR.SP00.A,M,CAD,EUR,SP00,A,2002-06,1.462705,A,F,,,P1M,,A,,,,,,,99Q1=100,,,4,,4F0,,Canadian dollar/Euro ECB reference exchange rate,"ECB reference exchange rate, Canadian dollar/Euro, 2.15 pm (C.E.T.)",CAD,0
EXR.M.CAD.EUR.SP00.A,M,CAD,EUR,SP00,A,2002-07,1.5321347826087,A,F,,,P1M,,A,,,,,,,99Q1=100,,,4,,4F0,,Canadian dollar/Euro ECB reference exchange rate,"ECB reference exchange rate, Canadian dollar/Euro, 2.15 pm (C.E.T.)",CAD,0
EXR.M.CAD.EUR.SP00.A,M,CAD,EUR,SP00,A,2002-08,1.5333181818182,A,F,,,P1M,,A,,,,,,,99Q1=100,,,4,,4F0,,Canadian dollar/Euro ECB reference exchange rate,"ECB reference exchange rate, Canadian dollar/Euro, 2.15 pm (C.E.T.)",CAD,0
EXR.M.CAD.EUR.SP00.A,M,CAD,EUR,SP00,A,2002-09,1.5434428571429,A,F,,,P1M,,A,,,,,,,99Q1=100,,,4,,4F0,,Canadian dollar/Euro ECB reference exchange rate,"ECB reference exchange rate, Canadian dollar/Euro, 2.15 pm (C.E.T.)",CAD,0
EXR.M.CAD.EUR.SP00.A,M,CAD,EUR,SP00,A,2002-10,1.5481217391304,A,F,,,P1M,,A,,,,,,,99Q1=100,,,4,,4F0,,Canadian dollar/Euro ECB reference exchange rate,"ECB reference exchange rate, Canadian dollar/Euro, 2.15 pm (C.E.T.)",CAD,0
EXR.M.CAD.EUR.SP00.A,M,CAD,EUR,SP00,A,2002-11,1.5735476190476,A,F,,,P1M,,A,,,,,,,99Q1=100,,,4,,4F0,,Canadian dollar/Euro ECB reference exchange rate,"ECB reference exchange rate, Canadian dollar/Euro, 2.15 pm (C.E.T.)",CAD,0
EXR.M.CAD.EUR.SP00.A,M,CAD,EUR,SP00,A,2002-12,1.587155,A,F,,,P1M,,A,,,,,,,99Q1=100,,,4,,4F0,,Canadian dollar/Euro ECB reference exchange rate,"ECB reference exchange rate, Canadian dollar/Euro, 2.15 pm (C.E.T.)",CAD,0
EXR.M.CAD.EUR.SP00.A,M,CAD,EUR,SP00,A,2003-01,1.6364272727273,A,F,,,P1M,,A,,,,,,,99Q1=100,,,4,,4F0,,Canadian dollar/Euro ECB reference exchange rate,"ECB reference exchange rate, Canadian dollar/Euro, 2.15 pm (C.E.T.)",CAD,0
EXR.M.CAD.EUR.SP00.A,M,CAD,EUR,SP00,A,2003-02,1.629925,A,F,,,P1M,,A,,,,,,,99Q1=100,,,4,,4F0,,Canadian dollar/Euro ECB reference exchange rate,"ECB reference exchange rate, Canadian dollar/Euro, 2.15 pm (C.E.T.)",CAD,0
EXR.M.CAD.EUR.SP00.A,M,CAD,EUR,SP00,A,2003-03,1.5943,A,F,,,P1M,,A,,,,,,,99Q1=100,,,4,,4F0,,Canadian dollar/Euro ECB reference exchange rate,"ECB reference exchange rate, Canadian dollar/Euro, 2.15 pm (C.E.T.)",CAD,0
EXR.M.CAD.EUR.SP00.A,M,CAD,EUR,SP00,A,2003-04,1.58508,A,F,,,P1M,,A,,,,,,,99Q1=100,,,4,,4F0,,Canadian dollar/Euro ECB reference exchange rate,"ECB reference exchange rate, Canadian dollar/Euro, 2.15 pm (C.E.T.)",CAD,0
EXR.M.CAD.EUR.SP00.A,M,CAD,EUR,SP00,A,2003-05,1.6015857142857,A,F,,,P1M,,A,,,,,,,99Q1=100,,,4,,4F0,,Canadian dollar/Euro ECB reference exchange rate,"ECB reference exchange rate, Canadian dollar/Euro, 2.15 pm (C.E.T.)",CAD,0
EXR.M.CAD.EUR.SP00.A,M,CAD,EUR,SP00,A,2003-06,1.5797761904762,A,F,,,P1M,,A,,,,,,,99Q1=100,,,4,,4F0,,Canadian dollar/Euro ECB reference exchange rate,"ECB reference exchange rate, Canadian dollar/Euro, 2.15 pm (C.E.T.)",CAD,0
EXR.M.CAD.EUR.SP00.A,M,CAD,EUR,SP00,A,2003-07,1.5693826086957,A,F,,,P1M,,A,,,,,,,99Q1=100,,,4,,4F0,,Canadian dollar/Euro ECB reference exchange rate,"ECB reference exchange rate, Canadian dollar/Euro, 2.15 pm (C.E.T.)",CAD,0
EXR.M.CAD.EUR.SP00.A,M,CAD,EUR,SP00,A,2003-08,1.5569571428571,A,F,,,P1M,,A,,,,,,,99Q1=100,,,4,,4F0,,Canadian dollar/Euro ECB reference exchange rate,"ECB reference exchange rate, Canadian dollar/Euro, 2.15 pm (C.E.T.)",CAD,0
EXR.M.CAD.EUR.SP00.A,M,CAD,EUR,SP00,A,2003-09,1.5329909090909,A,F,,,P1M,,A,,,,,,,99Q1=100,,,4,,4F0,,Canadian dollar/Euro ECB reference exchange rate,"ECB reference exchange rate, Canadian dollar/Euro, 2.15 pm (C.E.T.)",CAD,0
EXR.M.CAD.EUR.SP00.A,M,CAD,EUR,SP00,A,2003-10,1.5488739130435,A,F,,,P1M,,A,,,,,,,99Q1=100,,,4,,4F0,,Canadian dollar/Euro ECB reference exchange rate,"ECB reference exchange rate, Canadian dollar/Euro, 2.15 pm (C.E.T.)",CAD,0
EXR.M.CAD.EUR.SP00.A,M,CAD,EUR,SP00,A,2003-11,1.536065,A,F,,,P1M,,A,,,,,,,99Q1=100,,,4,,4F0,,Canadian dollar/Euro ECB reference exchange rate,"ECB reference exchange rate, Canadian dollar/Euro, 2.15 pm (C.E.T.)",CAD,0
EXR.M.CAD.EUR.SP00.A,M,CAD,EUR,SP00,A,2003-12,1.6131,A,F,,,P1M,,A,,,,,,,99Q1=100,,,4,,4F0,,Canadian dollar/Euro ECB reference exchange rate,"ECB reference exchange rate, Canadian dollar/Euro, 2.15 pm (C.E.T.)",CAD,0
EXR.M.CAD.EUR.SP00.A,M,CAD,EUR,SP00,A,2004-01,1.6346285714286,A,F,,,P1M,,A,,,,,,,99Q1=100,,,4,,4F0,,Canadian dollar/Euro ECB reference exchange rate,"ECB reference exchange rate, Canadian dollar/Euro, 2.15 pm (C.E.T.)",CAD,0
EXR.M.CAD.EUR.SP00.A,M,CAD,EUR,SP00,A,2004-02,1.68173,A,F,,,P1M,,A,,,,,,,99Q1=100,,,4,,4F0,,Canadian dollar/Euro ECB reference exchange rate,"ECB reference exchange rate, Canadian dollar/Euro, 2.15 pm (C.E.T.)",CAD,0
EXR.M.CAD.EUR.SP00.A,M,CAD,EUR,SP00,A,2004-03,1.6313913043478,A,F,,,P1M,,A,,,,,,,99Q1=100,,,4,,4F0,,Canadian dollar/Euro ECB reference exchange rate,"ECB reference exchange rate, Canadian dollar/Euro, 2.15 pm (C.E.T.)",CAD,0
EXR.M.CAD.EUR.SP00.A,M,CAD,EUR,SP00,A,2004-04,1.606825,A,F,,,P1M,,A,,,,,,,99Q1=100,,,4,,4F0,,Canadian dollar/Euro ECB reference exchange rate,"ECB reference exchange rate, Canadian dollar/Euro, 2.15 pm (C.E.T.)",CAD,0
EXR.M.CAD.EUR.SP00.A,M,CAD,EUR,SP00,A,2004-05,1.6541380952381,A,F,,,P1M,,A,,,,,,,99Q1=100,,,4,,4F0,,Canadian dollar/Euro ECB reference exchange rate,"ECB reference exchange rate, Canadian dollar/Euro, 2.15 pm (C.E.T.)",CAD,0
EXR.M.CAD.EUR.SP00.A,M,CAD,EUR,SP00,A,2004-06,1.6491636363636,A,F,,,P1M,,A,,,,,,,99Q1=100,,,4,,4F0,,Canadian dollar/Euro ECB reference exchange rate,"ECB reference exchange rate, Canadian dollar/Euro, 2.15 pm (C.E.T.)",CAD,0
EXR.M.CAD.EUR.SP00.A,M,CAD,EUR,SP00,A,2004-07,1.6219681818182,A,F,,,P1M,,A,,,,,,,99Q1=100,,,4,,4F0,,Canadian dollar/Euro ECB reference exchange rate,"ECB reference exchange rate, Canadian dollar/Euro, 2.15 pm (C.E.T.)",CAD,0
EXR.M.CAD.EUR.SP00.A,M,CAD,EUR,SP00,A,2004-08,1.6006727272727,A,F,,,P1M,,A,,,,,,,99Q1=100,,,4,,4F0,,Canadian dollar/Euro ECB reference exchange rate,"ECB reference exchange rate, Canadian dollar/Euro, 2.15 pm (C.E.T.)",CAD,0
EXR.M.CAD.EUR.SP00.A,M,CAD,EUR,SP00,A,2004-09,1.5767181818182,A,F,,,P1M,,A,,,,,,,99Q1=100,,,4,,4F0,,Canadian dollar/Euro ECB reference exchange rate,"ECB reference exchange rate, Canadian dollar/Euro, 2.15 pm (C.E.T.)",CAD,0
EXR.M.CAD.EUR.SP00.A,M,CAD,EUR,SP00,A,2004-10,1.5600476190476,A,F,,,P1M,,A,,,,,,,99Q1=100,,,4,,4F0,,Canadian dollar/Euro ECB reference exchange rate,"ECB reference exchange rate, Canadian dollar/Euro, 2.15 pm (C.E.T.)",CAD,0
EXR.M.CAD.EUR.SP00.A,M,CAD,EUR,SP00,A,2004-11,1.5539545454545,A,F,,,P1M,,A,,,,,,,99Q1=100,,,4,,4F0,,Canadian dollar/Euro ECB reference exchange rate,"ECB reference exchange rate, Canadian dollar/Euro, 2.15 pm (C.E.T.)",CAD,0
EXR.M.CAD.EUR.SP00.A,M,CAD,EUR,SP00,A,2004-12,1.6332826086957,A,F,,,P1M,,A,,,,,,,99Q1=100,,,4,,4F0,,Canadian dollar/Euro ECB reference exchange rate,"ECB reference exchange rate, Canadian dollar/Euro, 2.15 pm (C.E.T.)",CAD,0
EXR.M.CAD.EUR.SP00.A,M,CAD,EUR,SP00,A,2005-01,1.6059714285714,A,F,,,P1M,,A,,,,,,,99Q1=100,,,4,,4F0,,Canadian dollar/Euro ECB reference exchange rate,"ECB reference exchange rate, Canadian dollar/Euro, 2.15 pm (C.E.T.)",CAD,0
EXR.M.CAD.EUR.SP00.A,M,CAD,EUR,SP00,A,2005-02,1.612755,A,F,,,P1M,,A,,,,,,,99Q1=100,,,4,,4F0,,Canadian dollar/Euro ECB reference exchange rate,"ECB reference exchange rate, Canadian dollar/Euro, 2.15 pm (C.E.T.)",CAD,0
EXR.M.CAD.EUR.SP00.A,M,CAD,EUR,SP00,A,2005-03,1.6064,A,F,,,P1M,,A,,,,,,,99Q1=100,,,4,,4F0,,Canadian dollar/Euro ECB reference exchange rate,"ECB reference exchange rate, Canadian dollar/Euro, 2.15 pm (C.E.T.)",CAD,0
EXR.M.CAD.EUR.SP00.A,M,CAD,EUR,SP00,A,2005-04,1.5991095238095,A,F,,,P1M,,A,,,,,,,99Q1=100,,,4,,4F0,,Canadian dollar/Euro ECB reference exchange rate,"ECB reference exchange rate, Canadian dollar/Euro, 2.15 pm (C.E.T.)",CAD,0
EXR.M.CAD.EUR.SP00.A,M,CAD,EUR,SP00,A,2005-05,1.5941818181818,A,F,,,P1M,,A,,,,,,,99Q1=100,,,4,,4F0,,Canadian dollar/Euro ECB reference exchange rate,"ECB reference exchange rate, Canadian dollar/Euro, 2.15 pm (C.E.T.)",CAD,0
EXR.M.CAD.EUR.SP00.A,M,CAD,EUR,SP00,A,2005-06,1.5110954545455,A,F,,,P1M,,A,,,,,,,99Q1=100,,,4,,4F0,,Canadian dollar/Euro ECB reference exchange rate,"ECB reference exchange rate, Canadian dollar/Euro, 2.15 pm (C.E.T.)",CAD,0
EXR.M.CAD.EUR.SP00.A,M,CAD,EUR,SP00,A,2005-07,1.473,A,F,,,P1M,,A,,,,,,,99Q1=100,,,4,,4F0,,Canadian dollar/Euro ECB reference exchange rate,"ECB reference exchange rate, Canadian dollar/Euro, 2.15 pm (C.E.T.)",CAD,0
EXR.M.CAD.EUR.SP00.A,M,CAD,EUR,SP00,A,2005-08,1.4819347826087,A,F,,,P1M,,A,,,,,,,99Q1=100,,,4,,4F0,,Canadian dollar/Euro ECB reference exchange rate,"ECB reference exchange rate, Canadian dollar/Euro, 2.15 pm (C.E.T.)",CAD,0
EXR.M.CAD.EUR.SP00.A,M,CAD,EUR,SP00,A,2005-09,1.4451545454545,A,F,,,P1M,,A,,,,,,,99Q1=100,,,4,,4F0,,Canadian dollar/Euro ECB reference exchange rate,"ECB reference exchange rate, Canadian dollar/Euro, 2.15 pm (C.E.T.)",CAD,0
EXR.M.CAD.EUR.SP00.A,M,CAD,EUR,SP00,A,2005-10,1.4148666666667,A,F,,,P1M,,A,,,,,,,99Q1=100,,,4,,4F0,,Canadian dollar/Euro ECB reference exchange rate,"ECB reference exchange rate, Canadian dollar/Euro, 2.15 pm (C.E.T.)",CAD,0
EXR.M.CAD.EUR.SP00.A,M,CAD,EUR,SP00,A,2005-11,1.3943681818182,A,F,,,P1M,,A,,,,,,,99Q1=100,,,4,,4F0,,Canadian dollar/Euro ECB reference exchange rate,"ECB reference exchange rate, Canadian dollar/Euro, 2.15 pm (C.E.T.)",CAD,0
EXR.M.CAD.EUR.SP00.A,M,CAD,EUR,SP00,A,2005-12,1.3777666666667,A,F,,,P1M,,A,,,,,,,99Q1=100,,,4,,4F0,,Canadian dollar/Euro ECB reference exchange rate,"ECB reference exchange rate, Canadian dollar/Euro, 2.15 pm (C.E.T.)",CAD,0
EXR.M.CAD.EUR.SP00.A,M,CAD,EUR,SP00,A,2006-01,1.4024727272727,A,F,,,P1M,,A,,,,,,,99Q1=100,,,4,,4F0,,Canadian dollar/Euro ECB reference exchange rate,"ECB reference exchange rate, Canadian dollar/Euro, 2.15 pm (C.E.T.)",CAD,0
EXR.M.CAD.EUR.SP00.A,M,CAD,EUR,SP00,A,2006-02,1.372305,A,F,,,P1M,,A,,,,,,,99Q1=100,,,4,,4F0,,Canadian dollar/Euro ECB reference exchange rate,"ECB reference exchange rate, Canadian dollar/Euro, 2.15 pm (C.E.T.)",CAD,0
EXR.M.CAD.EUR.SP00.A,M,CAD,EUR,SP00,A,2006-03,1.3918869565217,A,F,,,P1M,,A,,,,,,,99Q1=100,,,4,,4F0,,Canadian dollar/Euro ECB reference exchange rate,"ECB reference exchange rate, Canadian dollar/Euro, 2.15 pm (C.E.T.)",CAD,0
EXR.M.CAD.EUR.SP00.A,M,CAD,EUR,SP00,A,2006-04,1.4051888888889,A,F,,,P1M,,A,,,,,,,99Q1=100,,,4,,4F0,,Canadian dollar/Euro ECB reference exchange rate,"ECB reference exchange rate, Canadian dollar/Euro, 2.15 pm (C.E.T.)",CAD,0
EXR.M.CAD.EUR.SP00.A,M,CAD,EUR,SP00,A,2006-05,1.4172590909091,A,F,,,P1M,,A,,,,,,,99Q1=100,,,4,,4F0,,Canadian dollar/Euro ECB reference exchange rate,"ECB reference exchange rate, Canadian dollar/Euro, 2.15 pm (C.E.T.)",CAD,0
EXR.M.CAD.EUR.SP00.A,M,CAD,EUR,SP00,A,2006-06,1.4089045454545,A,F,,,P1M,,A,,,,,,,99Q1=100,,,4,,4F0,,Canadian dollar/Euro ECB reference exchange rate,"ECB reference exchange rate, Canadian dollar/Euro, 2.15 pm (C.E.T.)",CAD,0
EXR.M.CAD.EUR.SP00.A,M,CAD,EUR,SP00,A,2006-07,1.4303380952381,A,F,,,P1M,,A,,,,,,,99Q1=100,,,4,,4F0,,Canadian dollar/Euro ECB reference exchange rate,"ECB reference exchange rate, Canadian dollar/Euro, 2.15 pm (C.E.T.)",CAD,0
EXR.M.CAD.EUR.SP00.A,M,CAD,EUR,SP00,A,2006-08,1.4337782608696,A,F,,,P1M,,A,,,,,,,99Q1=100,,,4,,4F0,,Canadian dollar/Euro ECB reference exchange rate,"ECB reference exchange rate, Canadian dollar/Euro, 2.15 pm (C.E.T.)",CAD,0
EXR.M.CAD.EUR.SP00.A,M,CAD,EUR,SP00,A,2006-09,1.4203238095238,A,F,,,P1M,,A,,,,,,,99Q1=100,,,4,,4F0,,Canadian dollar/Euro ECB reference exchange rate,"ECB reference exchange rate, Canadian dollar/Euro, 2.15 pm (C.E.T.)",CAD,0
EXR.M.CAD.EUR.SP00.A,M,CAD,EUR,SP00,A,2006-10,1.4235318181818,A,F,,,P1M,,A,,,,,,,99Q1=100,,,4,,4F0,,Canadian dollar/Euro ECB reference exchange rate,"ECB reference exchange rate, Canadian dollar/Euro, 2.15 pm (C.E.T.)",CAD,0
EXR.M.CAD.EUR.SP00.A,M,CAD,EUR,SP00,A,2006-11,1.4634590909091,A,F,,,P1M,,A,,,,,,,99Q1=100,,,4,,4F0,,Canadian dollar/Euro ECB reference exchange rate,"ECB reference exchange rate, Canadian dollar/Euro, 2.15 pm (C.E.T.)",CAD,0
EXR.M.CAD.EUR.SP00.A,M,CAD,EUR,SP00,A,2006-12,1.5212,A,F,,,P1M,,A,,,,,,,99Q1=100,,,4,,4F0,,Canadian dollar/Euro ECB reference exchange rate,"ECB reference exchange rate, Canadian dollar/Euro, 2.15 pm (C.E.T.)",CAD,0
EXR.M.CAD.EUR.SP00.A,M,CAD,EUR,SP00,A,2007-01,1.5284772727273,A,F,,,P1M,,A,,,,,,,99Q1=100,,,4,,4F0,,Canadian dollar/Euro ECB reference exchange rate,"ECB reference exchange rate, Canadian dollar/Euro, 2.15 pm (C.E.T.)",CAD,0
EXR.M.CAD.EUR.SP00.A,M,CAD,EUR,SP00,A,2007-02,1.53091,A,F,,,P1M,,A,,,,,,,99Q1=100,,,4,,4F0,,Canadian dollar/Euro ECB reference exchange rate,"ECB reference exchange rate, Canadian dollar/Euro, 2.15 pm (C.E.T.)",CAD,0
EXR.M.CAD.EUR.SP00.A,M,CAD,EUR,SP00,A,2007-03,1.5472045454545,A,F,,,P1M,,A,,,,,,,99Q1=100,,,4,,4F0,,Canadian dollar/Euro ECB reference exchange rate,"ECB reference exchange rate, Canadian dollar/Euro, 2.15 pm (C.E.T.)",CAD,0
EXR.M.CAD.EUR.SP00.A,M,CAD,EUR,SP00,A,2007-04,1.5334157894737,A,F,,,P1M,,A,,,,,,,99Q1=100,,,4,,4F0,,Canadian dollar/Euro ECB reference exchange rate,"ECB reference exchange rate, Canadian dollar/Euro, 2.15 pm (C.E.T.)",CAD,0
EXR.M.CAD.EUR.SP00.A,M,CAD,EUR,SP00,A,2007-05,1.4795909090909,A,F,,,P1M,,A,,,,,,,99Q1=100,,,4,,4F0,,Canadian dollar/Euro ECB reference exchange rate,"ECB reference exchange rate, Canadian dollar/Euro, 2.15 pm (C.E.T.)",CAD,0
EXR.M.CAD.EUR.SP00.A,M,CAD,EUR,SP00,A,2007-06,1.4293333333333,A,F,,,P1M,,A,,,,,,,99Q1=100,,,4,,4F0,,Canadian dollar/Euro ECB reference exchange rate,"ECB reference exchange rate, Canadian dollar/Euro, 2.15 pm (C.E.T.)",CAD,0
EXR.M.CAD.EUR.SP00.A,M,CAD,EUR,SP00,A,2007-07,1.4417272727273,A,F,,,P1M,,A,,,,,,,99Q1=100,,,4,,4F0,,Canadian dollar/Euro ECB reference exchange rate,"ECB reference exchange rate, Canadian dollar/Euro, 2.15 pm (C.E.T.)",CAD,0
EXR.M.CAD.EUR.SP00.A,M,CAD,EUR,SP00,A,2007-08,1.4420347826087,A,F,,,P1M,,A,,,,,,,99Q1=100,,,4,,4F0,,Canadian dollar/Euro ECB reference exchange rate,"ECB reference exchange rate, Canadian dollar/Euro, 2.15 pm (C.E.T.)",CAD,0
EXR.M.CAD.EUR.SP00.A,M,CAD,EUR,SP00,A,2007-09,1.42727,A,F,,,P1M,,A,,,,,,,99Q1=100,,,4,,4F0,,Canadian dollar/Euro ECB reference exchange rate,"ECB reference exchange rate, Canadian dollar/Euro, 2.15 pm (C.E.T.)",CAD,0
EXR.M.CAD.EUR.SP00.A,M,CAD,EUR,SP00,A,2007-10,1.389052173913,A,F,,,P1M,,A,,,,,,,99Q1=100,,,4,,4F0,,Canadian dollar/Euro ECB reference exchange rate,"ECB reference exchange rate, Canadian dollar/Euro, 2.15 pm (C.E.T.)",CAD,0
EXR.M.CAD.EUR.SP00.A,M,CAD,EUR,SP00,A,2007-11,1.4163454545455,A,F,,,P1M,,A,,,,,,,99Q1=100,,,4,,4F0,,Canadian dollar/Euro ECB reference exchange rate,"ECB reference exchange rate, Canadian dollar/Euro, 2.15 pm (C.E.T.)",CAD,0
EXR.M.CAD.EUR.SP00.A,M,CAD,EUR,SP00,A,2007-12,1.4620052631579,A,F,,,P1M,,A,,,,,,,99Q1=100,,,4,,4F0,,Canadian dollar/Euro ECB reference exchange rate,"ECB reference exchange rate, Canadian dollar/Euro, 2.15 pm (C.E.T.)",CAD,0
EXR.M.CAD.EUR.SP00.A,M,CAD,EUR,SP00,A,2008-01,1.4861590909091,A,F,,,P1M,,A,,,,,,,99Q1=100,,,4,,4F0,,Canadian dollar/Euro ECB reference exchange rate,"ECB reference exchange rate, Canadian dollar/Euro, 2.15 pm (C.E.T.)",CAD,0
EXR.M.CAD.EUR.SP00.A,M,CAD,EUR,SP00,A,2008-02,1.4740142857143,A,F,,,P1M,,A,,,,,,,99Q1=100,,,4,,4F0,,Canadian dollar/Euro ECB reference exchange rate,"ECB reference exchange rate, Canadian dollar/Euro, 2.15 pm (C.E.T.)",CAD,0
EXR.M.CAD.EUR.SP00.A,M,CAD,EUR,SP00,A,2008-03,1.5518736842105,A,F,,,P1M,,A,,,,,,,99Q1=100,,,4,,4F0,,Canadian dollar/Euro ECB reference exchange rate,"ECB reference exchange rate, Canadian dollar/Euro, 2.15 pm (C.E.T.)",CAD,0
EXR.M.CAD.EUR.SP00.A,M,CAD,EUR,SP00,A,2008-04,1.5964636363636,A,F,,,P1M,,A,,,,,,,99Q1=100,,,4,,4F0,,Canadian dollar/Euro ECB reference exchange rate,"ECB reference exchange rate, Canadian dollar/Euro, 2.15 pm (C.E.T.)",CAD,0
EXR.M.CAD.EUR.SP00.A,M,CAD,EUR,SP00,A,2008-05,1.5530428571429,A,F,,,P1M,,A,,,,,,,99Q1=100,,,4,,4F0,,Canadian dollar/Euro ECB reference exchange rate,"ECB reference exchange rate, Canadian dollar/Euro, 2.15 pm (C.E.T.)",CAD,0
EXR.M.CAD.EUR.SP00.A,M,CAD,EUR,SP00,A,2008-06,1.5802571428571,A,F,,,P1M,,A,,,,,,,99Q1=100,,,4,,4F0,,Canadian dollar/Euro ECB reference exchange rate,"ECB reference exchange rate, Canadian dollar/Euro, 2.15 pm (C.E.T.)",CAD,0
EXR.M.CAD.EUR.SP00.A,M,CAD,EUR,SP00,A,2008-07,1.5974391304348,A,F,,,P1M,,A,,,,,,,99Q1=100,,,4,,4F0,,Canadian dollar/Euro ECB reference exchange rate,"ECB reference exchange rate, Canadian dollar/Euro, 2.15 pm (C.E.T.)",CAD,0
EXR.M.CAD.EUR.SP00.A,M,CAD,EUR,SP00,A,2008-08,1.5764952380952,A,F,,,P1M,,A,,,,,,,99Q1=100,,,4,,4F0,,Canadian dollar/Euro ECB reference exchange rate,"ECB reference exchange rate, Canadian dollar/Euro, 2.15 pm (C.E.T.)",CAD,0
EXR.M.CAD.EUR.SP00.A,M,CAD,EUR,SP00,A,2008-09,1.5201454545455,A,F,,,P1M,,A,,,,,,,99Q1=100,,,4,,4F0,,Canadian dollar/Euro ECB reference exchange rate,"ECB reference exchange rate, Canadian dollar/Euro, 2.15 pm (C.E.T.)",CAD,0
EXR.M.CAD.EUR.SP00.A,M,CAD,EUR,SP00,A,2008-10,1.5646217391304,A,F,,,P1M,,A,,,,,,,99Q1=100,,,4,,4F0,,Canadian dollar/Euro ECB reference exchange rate,"ECB reference exchange rate, Canadian dollar/Euro, 2.15 pm (C.E.T.)",CAD,0
EXR.M.CAD.EUR.SP00.A,M,CAD,EUR,SP00,A,2008-11,1.550905,A,F,,,P1M,,A,,,,,,,99Q1=100,,,4,,4F0,,Canadian dollar/Euro ECB reference exchange rate,"ECB reference exchange rate, Canadian dollar/Euro, 2.15 pm (C.E.T.)",CAD,0
EXR.M.CAD.EUR.SP00.A,M,CAD,EUR,SP00,A,2008-12,1.6599952380952,A,F,,,P1M,,A,,,,,,,99Q1=100,,,4,,4F0,,Canadian dollar/Euro ECB reference exchange rate,"ECB reference exchange rate, Canadian dollar/Euro, 2.15 pm (C.E.T.)",CAD,0
EXR.M.CAD.EUR.SP00.A,M,CAD,EUR,SP00,A,2009-01,1.6233476190476,A,F,,,P1M,,A,,,,,,,99Q1=100,,,4,,4F0,,Canadian dollar/Euro ECB reference exchange rate,"ECB reference exchange rate, Canadian dollar/Euro, 2.15 pm (C.E.T.)",CAD,0
EXR.M.CAD.EUR.SP00.A,M,CAD,EUR,SP00,A,2009-02,1.59395,A,F,,,P1M,,A,,,,,,,99Q1=100,,,4,,4F0,,Canadian dollar/Euro ECB reference exchange rate,"ECB reference exchange rate, Canadian dollar/Euro, 2.15 pm (C.E.T.)",CAD,0
EXR.M.CAD.EUR.SP00.A,M,CAD,EUR,SP00,A,2009-03,1.64695,A,F,,,P1M,,A,,,,,,,99Q1=100,,,4,,4F0,,Canadian dollar/Euro ECB reference exchange rate,"ECB reference exchange rate, Canadian dollar/Euro, 2.15 pm (C.E.T.)",CAD,0
EXR.M.CAD.EUR.SP00.A,M,CAD,EUR,SP00,A,2009-04,1.61879,A,F,,,P1M,,A,,,,,,,99Q1=100,,,4,,4F0,,Canadian dollar/Euro ECB reference exchange rate,"ECB reference exchange rate, Canadian dollar/Euro, 2.15 pm (C.E.T.)",CAD,0
EXR.M.CAD.EUR.SP00.A,M,CAD,EUR,SP00,A,2009-05,1.571195,A,F,,,P1M,,A,,,,,,,99Q1=100,,,4,,4F0,,Canadian dollar/Euro ECB reference exchange rate,"ECB reference exchange rate, Canadian dollar/Euro, 2.15 pm (C.E.T.)",CAD,0
EXR.M.CAD.EUR.SP00.A,M,CAD,EUR,SP00,A,2009-06,1.5761090909091,A,F,,,P1M,,A,,,,,,,99Q1=100,,,4,,4F0,,Canadian dollar/Euro ECB reference exchange rate,"ECB reference exchange rate, Canadian dollar/Euro, 2.15 pm (C.E.T.)",CAD,0
EXR.M.CAD.EUR.SP00.A,M,CAD,EUR,SP00,A,2009-07,1.582447826087,A,F,,,P1M,,A,,,,,,,99Q1=100,,,4,,4F0,,Canadian dollar/Euro ECB reference exchange rate,"ECB reference exchange rate, Canadian dollar/Euro, 2.15 pm (C.E.T.)",CAD,0
EXR.M.CAD.EUR.SP00.A,M,CAD,EUR,SP00,A,2009-08,1.5521904761905,A,F,,,P1M,,A,,,,,,,99Q1=100,,,4,,4F0,,Canadian dollar/Euro ECB reference exchange rate,"ECB reference exchange rate, Canadian dollar/Euro, 2.15 pm (C.E.T.)",CAD,0
EXR.M.CAD.EUR.SP00.A,M,CAD,EUR,SP00,A,2009-09,1.5751818181818,A,F,,,P1M,,A,,,,,,,99Q1=100,,,4,,4F0,,Canadian dollar/Euro ECB reference exchange rate,"ECB reference exchange rate, Canadian dollar/Euro, 2.15 pm (C.E.T.)",CAD,0
EXR.M.CAD.EUR.SP00.A,M,CAD,EUR,SP00,A,2009-10,1.5619,A,F,,,P1M,,A,,,,,,,99Q1=100,,,4,,4F0,,Canadian dollar/Euro ECB reference exchange rate,"ECB reference exchange rate, Canadian dollar/Euro, 2.15 pm (C.E.T.)",CAD,0
EXR.M.CAD.EUR.SP00.A,M,CAD,EUR,SP00,A,2009-11,1.580519047619,A,F,,,P1M,,A,,,,,,,99Q1=100,,,4,,4F0,,Canadian dollar/Euro ECB reference exchange rate,"ECB reference exchange rate, Canadian dollar/Euro, 2.15 pm (C.E.T.)",CAD,0
EXR.M.CAD.EUR.SP00.A,M,CAD,EUR,SP00,A,2009-12,1.5397090909091,A,F,,,P1M,,A,,,,,,,99Q1=100,,,4,,4F0,,Canadian dollar/Euro ECB reference exchange rate,"ECB reference exchange rate, Canadian dollar/Euro, 2.15 pm (C.E.T.)",CAD,0
EXR.M.CAD.EUR.SP00.A,M,CAD,EUR,SP00,A,2010-01,1.487945,A,F,,,P1M,,A,,,,,,,99Q1=100,,,4,,4F0,,Canadian dollar/Euro ECB reference exchange rate,"ECB reference exchange rate, Canadian dollar/Euro, 2.15 pm (C.E.T.)",CAD,0
EXR.M.CAD.EUR.SP00.A,M,CAD,EUR,SP00,A,2010-02,1.445415,A,F,,,P1M,,A,,,,,,,99Q1=100,,,4,,4F0,,Canadian dollar/Euro ECB reference exchange rate,"ECB reference exchange rate, Canadian dollar/Euro, 2.15 pm (C.E.T.)",CAD,0
EXR.M.CAD.EUR.SP00.A,M,CAD,EUR,SP00,A,2010-03,1.3889043478261,A,F,,,P1M,,A,,,,,,,99Q1=100,,,4,,4F0,,Canadian dollar/Euro ECB reference exchange rate,"ECB reference exchange rate, Canadian dollar/Euro, 2.15 pm (C.E.T.)",CAD,0
EXR.M.CAD.EUR.SP00.A,M,CAD,EUR,SP00,A,2010-04,1.346695,A,F,,,P1M,,A,,,,,,,99Q1=100,,,4,,4F0,,Canadian dollar/Euro ECB reference exchange rate,"ECB reference exchange rate, Canadian dollar/Euro, 2.15 pm (C.E.T.)",CAD,0
EXR.M.CAD.EUR.SP00.A,M,CAD,EUR,SP00,A,2010-05,1.305980952381,A,F,,,P1M,,A,,,,,,,99Q1=100,,,4,,4F0,,Canadian dollar/Euro ECB reference exchange rate,"ECB reference exchange rate, Canadian dollar/Euro, 2.15 pm (C.E.T.)",CAD,0
EXR.M.CAD.EUR.SP00.A,M,CAD,EUR,SP00,A,2010-06,1.2673772727273,A,F,,,P1M,,A,,,,,,,99Q1=100,,,4,,4F0,,Canadian dollar/Euro ECB reference exchange rate,"ECB reference exchange rate, Canadian dollar/Euro, 2.15 pm (C.E.T.)",CAD,0
EXR.M.CAD.EUR.SP00.A,M,CAD,EUR,SP00,A,2010-07,1.3322,A,F,,,P1M,,A,,,,,,,99Q1=100,,,4,,4F0,,Canadian dollar/Euro ECB reference exchange rate,"ECB reference exchange rate, Canadian dollar/Euro, 2.15 pm (C.E.T.)",CAD,0
EXR.M.CAD.EUR.SP00.A,M,CAD,EUR,SP00,A,2010-08,1.3410909090909,A,F,,,P1M,,A,,,,,,,99Q1=100,,,4,,4F0,,Canadian dollar/Euro ECB reference exchange rate,"ECB reference exchange rate, Canadian dollar/Euro, 2.15 pm (C.E.T.)",CAD,0
EXR.M.CAD.EUR.SP00.A,M,CAD,EUR,SP00,A,2010-09,1.3514954545455,A,F,,,P1M,,A,,,,,,,99Q1=100,,,4,,4F0,,Canadian dollar/Euro ECB reference exchange rate,"ECB reference exchange rate, Canadian dollar/Euro, 2.15 pm (C.E.T.)",CAD,0
EXR.M.CAD.EUR.SP00.A,M,CAD,EUR,SP00,A,2010-10,1.4152047619048,A,F,,,P1M,,A,,,,,,,99Q1=100,,,4,,4F0,,Canadian dollar/Euro ECB reference exchange rate,"ECB reference exchange rate, Canadian dollar/Euro, 2.15 pm (C.E.T.)",CAD,0
EXR.M.CAD.EUR.SP00.A,M,CAD,EUR,SP00,A,2010-11,1.3830772727273,A,F,,,P1M,,A,,,,,,,99Q1=100,,,4,,4F0,,Canadian dollar/Euro ECB reference exchange rate,"ECB reference exchange rate, Canadian dollar/Euro, 2.15 pm (C.E.T.)",CAD,0
EXR.M.CAD.EUR.SP00.A,M,CAD,EUR,SP00,A,2010-12,1.3326652173913,A,F,,,P1M,,A,,,,,,,99Q1=100,,,4,,4F0,,Canadian dollar/Euro ECB reference exchange rate,"ECB reference exchange rate, Canadian dollar/Euro, 2.15 pm (C.E.T.)",CAD,0
EXR.M.CAD.EUR.SP00.A,M,CAD,EUR,SP00,A,2011-01,1.3277476190476,A,F,,,P1M,,A,,,,,,,99Q1=100,,,4,,4F0,,Canadian dollar/Euro ECB reference exchange rate,"ECB reference exchange rate, Canadian dollar/Euro, 2.15 pm (C.E.T.)",CAD,0
EXR.M.CAD.EUR.SP00.A,M,CAD,EUR,SP00,A,2011-02,1.348435,A,F,,,P1M,,A,,,,,,,99Q1=100,,,4,,4F0,,Canadian dollar/Euro ECB reference exchange rate,"ECB reference exchange rate, Canadian dollar/Euro, 2.15 pm (C.E.T.)",CAD,0
EXR.M.CAD.EUR.SP00.A,M,CAD,EUR,SP00,A,2011-03,1.3671652173913,A,F,,,P1M,,A,,,,,,,99Q1=100,,,4,,4F0,,Canadian dollar/Euro ECB reference exchange rate,"ECB reference exchange rate, Canadian dollar/Euro, 2.15 pm (C.E.T.)",CAD,0
EXR.M.CAD.EUR.SP00.A,M,CAD,EUR,SP00,A,2011-04,1.3834105263158,A,F,,,P1M,,A,,,,,,,99Q1=100,,,4,,4F0,,Canadian dollar/Euro ECB reference exchange rate,"ECB reference exchange rate, Canadian dollar/Euro, 2.15 pm (C.E.T.)",CAD,0
EXR.M.CAD.EUR.SP00.A,M,CAD,EUR,SP00,A,2011-05,1.38845,A,F,,,P1M,,A,,,,,,,99Q1=100,,,4,,4F0,,Canadian dollar/Euro ECB reference exchange rate,"ECB reference exchange rate, Canadian dollar/Euro, 2.15 pm (C.E.T.)",CAD,0
EXR.M.CAD.EUR.SP00.A,M,CAD,EUR,SP00,A,2011-06,1.4063454545455,A,F,,,P1M,,A,,,,,,,99Q1=100,,,4,,4F0,,Canadian dollar/Euro ECB reference exchange rate,"ECB reference exchange rate, Canadian dollar/Euro, 2.15 pm (C.E.T.)",CAD,0
EXR.M.CAD.EUR.SP00.A,M,CAD,EUR,SP00,A,2011-07,1.3638142857143,A,F,,,P1M,,A,,,,,,,99Q1=100,,,4,,4F0,,Canadian dollar/Euro ECB reference exchange rate,"ECB reference exchange rate, Canadian dollar/Euro, 2.15 pm (C.E.T.)",CAD,0
EXR.M.CAD.EUR.SP00.A,M,CAD,EUR,SP00,A,2011-08,1.4070913043478,A,F,,,P1M,,A,,,,,,,99Q1=100,,,4,,4F0,,Canadian dollar/Euro ECB reference exchange rate,"ECB reference exchange rate, Canadian dollar/Euro, 2.15 pm (C.E.T.)",CAD,0
EXR.M.CAD.EUR.SP00.A,M,CAD,EUR,SP00,A,2011-09,1.3794318181818,A,F,,,P1M,,A,,,,,,,99Q1=100,,,4,,4F0,,Canadian dollar/Euro ECB reference exchange rate,"ECB reference exchange rate, Canadian dollar/Euro, 2.15 pm (C.E.T.)",CAD,0
EXR.M.CAD.EUR.SP00.A,M,CAD,EUR,SP00,A,2011-10,1.3980761904762,A,F,,,P1M,,A,,,,,,,99Q1=100,,,4,,4F0,,Canadian dollar/Euro ECB reference exchange rate,"ECB reference exchange rate, Canadian dollar/Euro, 2.15 pm (C.E.T.)",CAD,0
EXR.M.CAD.EUR.SP00.A,M,CAD,EUR,SP00,A,2011-11,1.38965,A,F,,,P1M,,A,,,,,,,99Q1=100,,,4,,4F0,,Canadian dollar/Euro ECB reference exchange rate,"ECB reference exchange rate, Canadian dollar/Euro, 2.15 pm (C.E.T.)",CAD,0
EXR.M.CAD.EUR.SP00.A,M,CAD,EUR,SP00,A,2011-12,1.3480619047619,A,F,,,P1M,,A,,,,,,,99Q1=100,,,4,,4F0,,Canadian dollar/Euro ECB reference exchange rate,"ECB reference exchange rate, Canadian dollar/Euro, 2.15 pm (C.E.T.)",CAD,0
EXR.M.CAD.EUR.SP00.A,M,CAD,EUR,SP00,A,2012-01,1.3072590909091,A,F,,,P1M,,A,,,,,,,99Q1=100,,,4,,4F0,,Canadian dollar/Euro ECB reference exchange rate,"ECB reference exchange rate, Canadian dollar/Euro, 2.15 pm (C.E.T.)",CAD,0
EXR.M.CAD.EUR.SP00.A,M,CAD,EUR,SP00,A,2012-02,1.3193142857143,A,F,,,P1M,,A,,,,,,,99Q1=100,,,4,,4F0,,Canadian dollar/Euro ECB reference exchange rate,"ECB reference exchange rate, Canadian dollar/Euro, 2.15 pm (C.E.T.)",CAD,0
EXR.M.CAD.EUR.SP00.A,M,CAD,EUR,SP00,A,2012-03,1.3121090909091,A,F,,,P1M,,A,,,,,,,99Q1=100,,,4,,4F0,,Canadian dollar/Euro ECB reference exchange rate,"ECB reference exchange rate, Canadian dollar/Euro, 2.15 pm (C.E.T.)",CAD,0
EXR.M.CAD.EUR.SP00.A,M,CAD,EUR,SP00,A,2012-04,1.3067736842105,A,F,,,P1M,,A,,,,,,,99Q1=100,,,4,,4F0,,Canadian dollar/Euro ECB reference exchange rate,"ECB reference exchange rate, Canadian dollar/Euro, 2.15 pm (C.E.T.)",CAD,0
EXR.M.CAD.EUR.SP00.A,M,CAD,EUR,SP00,A,2012-05,1.2916227272727,A,F,,,P1M,,A,,,,,,,99Q1=100,,,4,,4F0,,Canadian dollar/Euro ECB reference exchange rate,"ECB reference exchange rate, Canadian dollar/Euro, 2.15 pm (C.E.T.)",CAD,0
EXR.M.CAD.EUR.SP00.A,M,CAD,EUR,SP00,A,2012-06,1.2874428571429,A,F,,,P1M,,A,,,,,,,99Q1=100,,,4,,4F0,,Canadian dollar/Euro ECB reference exchange rate,"ECB reference exchange rate, Canadian dollar/Euro, 2.15 pm (C.E.T.)",CAD,0
EXR.M.CAD.EUR.SP00.A,M,CAD,EUR,SP00,A,2012-07,1.2461045454545,A,F,,,P1M,,A,,,,,,,99Q1=100,,,4,,4F0,,Canadian dollar/Euro ECB reference exchange rate,"ECB reference exchange rate, Canadian dollar/Euro, 2.15 pm (C.E.T.)",CAD,0
EXR.M.CAD.EUR.SP00.A,M,CAD,EUR,SP00,A,2012-08,1.2314956521739,A,F,,,P1M,,A,,,,,,,99Q1=100,,,4,,4F0,,Canadian dollar/Euro ECB reference exchange rate,"ECB reference exchange rate, Canadian dollar/Euro, 2.15 pm (C.E.T.)",CAD,0
EXR.M.CAD.EUR.SP00.A,M,CAD,EUR,SP00,A,2012-09,1.258255,A,F,,,P1M,,A,,,,,,,99Q1=100,,,4,,4F0,,Canadian dollar/Euro ECB reference exchange rate,"ECB reference exchange rate, Canadian dollar/Euro, 2.15 pm (C.E.T.)",CAD,0
EXR.M.CAD.EUR.SP00.A,M,CAD,EUR,SP00,A,2012-10,1.280052173913,A,F,,,P1M,,A,,,,,,,99Q1=100,,,4,,4F0,,Canadian dollar/Euro ECB reference exchange rate,"ECB reference exchange rate, Canadian dollar/Euro, 2.15 pm (C.E.T.)",CAD,0
EXR.M.CAD.EUR.SP00.A,M,CAD,EUR,SP00,A,2012-11,1.2787272727273,A,F,,,P1M,,A,,,,,,,99Q1=100,,,4,,4F0,,Canadian dollar/Euro ECB reference exchange rate,"ECB reference exchange rate, Canadian dollar/Euro, 2.15 pm (C.E.T.)",CAD,0
EXR.M.CAD.EUR.SP00.A,M,CAD,EUR,SP00,A,2012-12,1.2983578947368,A,F,,,P1M,,A,,,,,,,99Q1=100,,,4,,4F0,,Canadian dollar/Euro ECB reference exchange rate,"ECB reference exchange rate, Canadian dollar/Euro, 2.15 pm (C.E.T.)",CAD,0
EXR.M.CAD.EUR.SP00.A,M,CAD,EUR,SP00,A,2013-01,1.3189136363636,A,F,,,P1M,,A,,,,,,,99Q1=100,,,4,,4F0,,Canadian dollar/Euro ECB reference exchange rate,"ECB reference exchange rate, Canadian dollar/Euro, 2.15 pm (C.E.T.)",CAD,0
EXR.M.CAD.EUR.SP00.A,M,CAD,EUR,SP00,A,2013-02,1.34773,A,F,,,P1M,,A,,,,,,,99Q1=100,,,4,,4F0,,Canadian dollar/Euro ECB reference exchange rate,"ECB reference exchange rate, Canadian dollar/Euro, 2.15 pm (C.E.T.)",CAD,0
EXR.M.CAD.EUR.SP00.A,M,CAD,EUR,SP00,A,2013-03,1.32852,A,F,,,P1M,,A,,,,,,,99Q1=100,,,4,,4F0,,Canadian dollar/Euro ECB reference exchange rate,"ECB reference exchange rate, Canadian dollar/Euro, 2.15 pm (C.E.T.)",CAD,0
EXR.M.CAD.EUR.SP00.A,M,CAD,EUR,SP00,A,2013-04,1.3267619047619,A,F,,,P1M,,A,,,,,,,99Q1=100,,,4,,4F0,,Canadian dollar/Euro ECB reference exchange rate,"ECB reference exchange rate, Canadian dollar/Euro, 2.15 pm (C.E.T.)",CAD,0
EXR.M.CAD.EUR.SP00.A,M,CAD,EUR,SP00,A,2013-05,1.3257363636364,A,F,,,P1M,,A,,,,,,,99Q1=100,,,4,,4F0,,Canadian dollar/Euro ECB reference exchange rate,"ECB reference exchange rate, Canadian dollar/Euro, 2.15 pm (C.E.T.)",CAD,0
EXR.M.CAD.EUR.SP00.A,M,CAD,EUR,SP00,A,2013-06,1.359575,A,F,,,P1M,,A,,,,,,,99Q1=100,,,4,,4F0,,Canadian dollar/Euro ECB reference exchange rate,"ECB reference exchange rate, Canadian dollar/Euro, 2.15 pm (C.E.T.)",CAD,0
EXR.M.CAD.EUR.SP00.A,M,CAD,EUR,SP00,A,2013-07,1.3618826086957,A,F,,,P1M,,A,,,,,,,99Q1=100,,,4,,4F0,,Canadian dollar/Euro ECB reference exchange rate,"ECB reference exchange rate, Canadian dollar/Euro, 2.15 pm (C.E.T.)",CAD,0
EXR.M.CAD.EUR.SP00.A,M,CAD,EUR,SP00,A,2013-08,1.3853363636364,A,F,,,P1M,,A,,,,,,,99Q1=100,,,4,,4F0,,Canadian dollar/Euro ECB reference exchange rate,"ECB reference exchange rate, Canadian dollar/Euro, 2.15 pm (C.E.T.)",CAD,0
EXR.M.CAD.EUR.SP00.A,M,CAD,EUR,SP00,A,2013-09,1.3817,A,F,,,P1M,,A,,,,,,,99Q1=100,,,4,,4F0,,Canadian dollar/Euro ECB reference exchange rate,"ECB reference exchange rate, Canadian dollar/Euro, 2.15 pm (C.E.T.)",CAD,0
EXR.M.CAD.EUR.SP00.A,M,CAD,EUR,SP00,A,2013-10,1.4127652173913,A,F,,,P1M,,A,,,,,,,99Q1=100,,,4,,4F0,,Canadian dollar/Euro ECB reference exchange rate,"ECB reference exchange rate, Canadian dollar/Euro, 2.15 pm (C.E.T.)",CAD,0
EXR.M.CAD.EUR.SP00.A,M,CAD,EUR,SP00,A,2013-11,1.4144761904762,A,F,,,P1M,,A,,,,,,,99Q1=100,,,4,,4F0,,Canadian dollar/Euro ECB reference exchange rate,"ECB reference exchange rate, Canadian dollar/Euro, 2.15 pm (C.E.T.)",CAD,0
EXR.M.CAD.EUR.SP00.A,M,CAD,EUR,SP00,A,2013-12,1.45801,A,F,,,P1M,,A,,,,,,,99Q1=100,,,4,,4F0,,Canadian dollar/Euro ECB reference exchange rate,"ECB reference exchange rate, Canadian dollar/Euro, 2.15 pm (C.E.T.)",CAD,0
EXR.M.CAD.EUR.SP00.A,M,CAD,EUR,SP00,A,2014-01,1.4884318181818,A,F,,,P1M,,A,,,,,,,99Q1=100,,,4,,4F0,,Canadian dollar/Euro ECB reference exchange rate,"ECB reference exchange rate, Canadian dollar/Euro, 2.15 pm (C.E.T.)",CAD,0
EXR.M.CAD.EUR.SP00.A,M,CAD,EUR,SP00,A,2014-02,1.509385,A,F,,,P1M,,A,,,,,,,99Q1=100,,,4,,4F0,,Canadian dollar/Euro ECB reference exchange rate,"ECB reference exchange rate, Canadian dollar/Euro, 2.15 pm (C.E.T.)",CAD,0
EXR.M.CAD.EUR.SP00.A,M,CAD,EUR,SP00,A,2014-03,1.5352285714286,A,F,,,P1M,,A,,,,,,,99Q1=100,,,4,,4F0,,Canadian dollar/Euro ECB reference exchange rate,"ECB reference exchange rate, Canadian dollar/Euro, 2.15 pm (C.E.T.)",CAD,0
EXR.M.CAD.EUR.SP00.A,M,CAD,EUR,SP00,A,2014-04,1.518135,A,F,,,P1M,,A,,,,,,,99Q1=100,,,4,,4F0,,Canadian dollar/Euro ECB reference exchange rate,"ECB reference exchange rate, Canadian dollar/Euro, 2.15 pm (C.E.T.)",CAD,0
EXR.M.CAD.EUR.SP00.A,M,CAD,EUR,SP00,A,2014-05,1.4950619047619,A,F,,,P1M,,A,,,,,,,99Q1=100,,,4,,4F0,,Canadian dollar/Euro ECB reference exchange rate,"ECB reference exchange rate, Canadian dollar/Euro, 2.15 pm (C.E.T.)",CAD,0
EXR.M.CAD.EUR.SP00.A,M,CAD,EUR,SP00,A,2014-06,1.4727619047619,A,F,,,P1M,,A,,,,,,,99Q1=100,,,4,,4F0,,Canadian dollar/Euro ECB reference exchange rate,"ECB reference exchange rate, Canadian dollar/Euro, 2.15 pm (C.E.T.)",CAD,0
EXR.M.CAD.EUR.SP00.A,M,CAD,EUR,SP00,A,2014-07,1.4523565217391,A,F,,,P1M,,A,,,,,,,99Q1=100,,,4,,4F0,,Canadian dollar/Euro ECB reference exchange rate,"ECB reference exchange rate, Canadian dollar/Euro, 2.15 pm (C.E.T.)",CAD,0
EXR.M.CAD.EUR.SP00.A,M,CAD,EUR,SP00,A,2014-08,1.4547666666667,A,F,,,P1M,,A,,,,,,,99Q1=100,,,4,,4F0,,Canadian dollar/Euro ECB reference exchange rate,"ECB reference exchange rate, Canadian dollar/Euro, 2.15 pm (C.E.T.)",CAD,0
EXR.M.CAD.EUR.SP00.A,M,CAD,EUR,SP00,A,2014-09,1.4196454545455,A,F,,,P1M,,A,,,,,,,99Q1=100,,,4,,4F0,,Canadian dollar/Euro ECB reference exchange rate,"ECB reference exchange rate, Canadian dollar/Euro, 2.15 pm (C.E.T.)",CAD,0
EXR.M.CAD.EUR.SP00.A,M,CAD,EUR,SP00,A,2014-10,1.4214173913043,A,F,,,P1M,,A,,,,,,,99Q1=100,,,4,,4F0,,Canadian dollar/Euro ECB reference exchange rate,"ECB reference exchange rate, Canadian dollar/Euro, 2.15 pm (C.E.T.)",CAD,0
EXR.M.CAD.EUR.SP00.A,M,CAD,EUR,SP00,A,2014-11,1.41364,A,F,,,P1M,,A,,,,,,,99Q1=100,,,4,,4F0,,Canadian dollar/Euro ECB reference exchange rate,"ECB reference exchange rate, Canadian dollar/Euro, 2.15 pm (C.E.T.)",CAD,0
EXR.M.CAD.EUR.SP00.A,M,CAD,EUR,SP00,A,2014-12,1.421580952381,A,F,,,P1M,,A,,,,,,,99Q1=100,,,4,,4F0,,Canadian dollar/Euro ECB reference exchange rate,"ECB reference exchange rate, Canadian dollar/Euro, 2.15 pm (C.E.T.)",CAD,0
EXR.M.CAD.EUR.SP00.A,M,CAD,EUR,SP00,A,2015-01,1.4038571428571,A,F,,,P1M,,A,,,,,,,99Q1=100,,,4,,4F0,,Canadian dollar/Euro ECB reference exchange rate,"ECB reference exchange rate, Canadian dollar/Euro, 2.15 pm (C.E.T.)",CAD,0
EXR.M.CAD.EUR.SP00.A,M,CAD,EUR,SP00,A,2015-02,1.41985,A,F,,,P1M,,A,,,,,,,99Q1=100,,,4,,4F0,,Canadian dollar/Euro ECB reference exchange rate,"ECB reference exchange rate, Canadian dollar/Euro, 2.15 pm (C.E.T.)",CAD,0
EXR.M.CAD.EUR.SP00.A,M,CAD,EUR,SP00,A,2015-03,1.36605,A,F,,,P1M,,A,,,,,,,99Q1=100,,,4,,4F0,,Canadian dollar/Euro ECB reference exchange rate,"ECB reference exchange rate, Canadian dollar/Euro, 2.15 pm (C.E.T.)",CAD,0
EXR.M.CAD.EUR.SP00.A,M,CAD,EUR,SP00,A,2015-04,1.33129,A,F,,,P1M,,A,,,,,,,99Q1=100,,,4,,4F0,,Canadian dollar/Euro ECB reference exchange rate,"ECB reference exchange rate, Canadian dollar/Euro, 2.15 pm (C.E.T.)",CAD,0
EXR.M.CAD.EUR.SP00.A,M,CAD,EUR,SP00,A,2015-05,1.356755,A,F,,,P1M,,A,,,,,,,99Q1=100,,,4,,4F0,,Canadian dollar/Euro ECB reference exchange rate,"ECB reference exchange rate, Canadian dollar/Euro, 2.15 pm (C.E.T.)",CAD,0
EXR.M.CAD.EUR.SP00.A,M,CAD,EUR,SP00,A,2015-06,1.3853863636364,A,F,,,P1M,,A,,,,,,,99Q1=100,,,4,,4F0,,Canadian dollar/Euro ECB reference exchange rate,"ECB reference exchange rate, Canadian dollar/Euro, 2.15 pm (C.E.T.)",CAD,0
EXR.M.CAD.EUR.SP00.A,M,CAD,EUR,SP00,A,2015-07,1.4124043478261,A,F,,,P1M,,A,,,,,,,99Q1=100,,,4,,4F0,,Canadian dollar/Euro ECB reference exchange rate,"ECB reference exchange rate, Canadian dollar/Euro, 2.15 pm (C.E.T.)",CAD,0
EXR.M.CAD.EUR.SP00.A,M,CAD,EUR,SP00,A,2015-08,1.4637428571429,A,F,,,P1M,,A,,,,,,,99Q1=100,,,4,,4F0,,Canadian dollar/Euro ECB reference exchange rate,"ECB reference exchange rate, Canadian dollar/Euro, 2.15 pm (C.E.T.)",CAD,0
EXR.M.CAD.EUR.SP00.A,M,CAD,EUR,SP00,A,2015-09,1.4881636363636,A,F,,,P1M,,A,,,,,,,99Q1=100,,,4,,4F0,,Canadian dollar/Euro ECB reference exchange rate,"ECB reference exchange rate, Canadian dollar/Euro, 2.15 pm (C.E.T.)",CAD,0
EXR.M.CAD.EUR.SP00.A,M,CAD,EUR,SP00,A,2015-10,1.4684772727273,A,F,,,P1M,,A,,,,,,,99Q1=100,,,4,,4F0,,Canadian dollar/Euro ECB reference exchange rate,"ECB reference exchange rate, Canadian dollar/Euro, 2.15 pm (C.E.T.)",CAD,0
EXR.M.CAD.EUR.SP00.A,M,CAD,EUR,SP00,A,2015-11,1.4248428571429,A,F,,,P1M,,A,,,,,,,99Q1=100,,,4,,4F0,,Canadian dollar/Euro ECB reference exchange rate,"ECB reference exchange rate, Canadian dollar/Euro, 2.15 pm (C.E.T.)",CAD,0
EXR.M.CAD.EUR.SP00.A,M,CAD,EUR,SP00,A,2015-12,1.4904181818182,A,F,,,P1M,,A,,,,,,,99Q1=100,,,4,,4F0,,Canadian dollar/Euro ECB reference exchange rate,"ECB reference exchange rate, Canadian dollar/Euro, 2.15 pm (C.E.T.)",CAD,0
EXR.M.CAD.EUR.SP00.A,M,CAD,EUR,SP00,A,2016-01,1.544715,A,F,,,P1M,,A,,,,,,,99Q1=100,,,4,,4F0,,Canadian dollar/Euro ECB reference exchange rate,"ECB reference exchange rate, Canadian dollar/Euro, 2.15 pm (C.E.T.)",CAD,0
EXR.M.CAD.EUR.SP00.A,M,CAD,EUR,SP00,A,2016-02,1.5316904761905,A,F,,,P1M,,A,,,,,,,99Q1=100,,,4,,4F0,,Canadian dollar/Euro ECB reference exchange rate,"ECB reference exchange rate, Canadian dollar/Euro, 2.15 pm (C.E.T.)",CAD,0
EXR.M.CAD.EUR.SP00.A,M,CAD,EUR,SP00,A,2016-03,1.4697,A,F,,,P1M,,A,,,,,,,99Q1=100,,,4,,4F0,,Canadian dollar/Euro ECB reference exchange rate,"ECB reference exchange rate, Canadian dollar/Euro, 2.15 pm (C.E.T.)",CAD,0
EXR.M.CAD.EUR.SP00.A,M,CAD,EUR,SP00,A,2016-04,1.4559428571429,A,F,,,P1M,,A,,,,,,,99Q1=100,,,4,,4F0,,Canadian dollar/Euro ECB reference exchange rate,"ECB reference exchange rate, Canadian dollar/Euro, 2.15 pm (C.E.T.)",CAD,0
EXR.M.CAD.EUR.SP00.A,M,CAD,EUR,SP00,A,2016-05,1.4625636363636,A,F,,,P1M,,A,,,,,,,99Q1=100,,,4,,4F0,,Canadian dollar/Euro ECB reference exchange rate,"ECB reference exchange rate, Canadian dollar/Euro, 2.15 pm (C.E.T.)",CAD,0
EXR.M.CAD.EUR.SP00.A,M,CAD,EUR,SP00,A,2016-06,1.4477045454545,A,F,,,P1M,,A,,,,,,,99Q1=100,,,4,,4F0,,Canadian dollar/Euro ECB reference exchange rate,"ECB reference exchange rate, Canadian dollar/Euro, 2.15 pm (C.E.T.)",CAD,0
EXR.M.CAD.EUR.SP00.A,M,CAD,EUR,SP00,A,2016-07,1.4428333333333,A,F,,,P1M,,A,,,,,,,99Q1=100,,,4,,4F0,,Canadian dollar/Euro ECB reference exchange rate,"ECB reference exchange rate, Canadian dollar/Euro, 2.15 pm (C.E.T.)",CAD,0
EXR.M.CAD.EUR.SP00.A,M,CAD,EUR,SP00,A,2016-08,1.4557434782609,A,F,,,P1M,,A,,,,,,,99Q1=100,,,4,,4F0,,Canadian dollar/Euro ECB reference exchange rate,"ECB reference exchange rate, Canadian dollar/Euro, 2.15 pm (C.E.T.)",CAD,0
EXR.M.CAD.EUR.SP00.A,M,CAD,EUR,SP00,A,2016-09,1.4677181818182,A,F,,,P1M,,A,,,,,,,99Q1=100,,,4,,4F0,,Canadian dollar/Euro ECB reference exchange rate,"ECB reference exchange rate, Canadian dollar/Euro, 2.15 pm (C.E.T.)",CAD,0
EXR.M.CAD.EUR.SP00.A,M,CAD,EUR,SP00,A,2016-10,1.4593857142857,A,F,,,P1M,,A,,,,,,,99Q1=100,,,4,,4F0,,Canadian dollar/Euro ECB reference exchange rate,"ECB reference exchange rate, Canadian dollar/Euro, 2.15 pm (C.E.T.)",CAD,0
EXR.M.CAD.EUR.SP00.A,M,CAD,EUR,SP00,A,2016-11,1.4518545454545,A,F,,,P1M,,A,,,,,,,99Q1=100,,,4,,4F0,,Canadian dollar/Euro ECB reference exchange rate,"ECB reference exchange rate, Canadian dollar/Euro, 2.15 pm (C.E.T.)",CAD,0
EXR.M.CAD.EUR.SP00.A,M,CAD,EUR,SP00,A,2016-12,1.407019047619,A,F,,,P1M,,A,,,,,,,99Q1=100,,,4,,4F0,,Canadian dollar/Euro ECB reference exchange rate,"ECB reference exchange rate, Canadian dollar/Euro, 2.15 pm (C.E.T.)",CAD,0
EXR.M.CAD.EUR.SP00.A,M,CAD,EUR,SP00,A,2017-01,1.4032,A,F,,,P1M,,A,,,,,,,99Q1=100,,,4,,4F0,,Canadian dollar/Euro ECB reference exchange rate,"ECB reference exchange rate, Canadian dollar/Euro, 2.15 pm (C.E.T.)",CAD,0
EXR.M.CAD.EUR.SP00.A,M,CAD,EUR,SP00,A,2017-02,1.39421,A,F,,,P1M,,A,,,,,,,99Q1=100,,,4,,4F0,,Canadian dollar/Euro ECB reference exchange rate,"ECB reference exchange rate, Canadian dollar/Euro, 2.15 pm (C.E.T.)",CAD,0
EXR.M.CAD.EUR.SP00.A,M,CAD,EUR,SP00,A,2017-03,1.4305869565217,A,F,,,P1M,,A,,,,,,,99Q1=100,,,4,,4F0,,Canadian dollar/Euro ECB reference exchange rate,"ECB reference exchange rate, Canadian dollar/Euro, 2.15 pm (C.E.T.)",CAD,0
EXR.M.CAD.EUR.SP00.A,M,CAD,EUR,SP00,A,2017-04,1.4407722222222,A,F,,,P1M,,A,,,,,,,99Q1=100,,,4,,4F0,,Canadian dollar/Euro ECB reference exchange rate,"ECB reference exchange rate, Canadian dollar/Euro, 2.15 pm (C.E.T.)",CAD,0
EXR.M.CAD.EUR.SP00.A,M,CAD,EUR,SP00,A,2017-05,1.5040636363636,A,F,,,P1M,,A,,,,,,,99Q1=100,,,4,,4F0,,Canadian dollar/Euro ECB reference exchange rate,"ECB reference exchange rate, Canadian dollar/Euro, 2.15 pm (C.E.T.)",CAD,0
EXR.M.CAD.EUR.SP00.A,M,CAD,EUR,SP00,A,2017-06,1.4941318181818,A,F,,,P1M,,A,,,,,,,99Q1=100,,,4,,4F0,,Canadian dollar/Euro ECB reference exchange rate,"ECB reference exchange rate, Canadian dollar/Euro, 2.15 pm (C.E.T.)",CAD,0
EXR.M.CAD.EUR.SP00.A,M,CAD,EUR,SP00,A,2017-07,1.4641285714286,A,F,,,P1M,,A,,,,,,,99Q1=100,,,4,,4F0,,Canadian dollar/Euro ECB reference exchange rate,"ECB reference exchange rate, Canadian dollar/Euro, 2.15 pm (C.E.T.)",CAD,0
EXR.M.CAD.EUR.SP00.A,M,CAD,EUR,SP00,A,2017-08,1.4888956521739,A,F,,,P1M,,A,,,,,,,99Q1=100,,,4,,4F0,,Canadian dollar/Euro ECB reference exchange rate,"ECB reference exchange rate, Canadian dollar/Euro, 2.15 pm (C.E.T.)",CAD,0
EXR.M.CAD.EUR.SP00.A,M,CAD,EUR,SP00,A,2017-09,1.4638619047619,A,F,,,P1M,,A,,,,,,,99Q1=100,,,4,,4F0,,Canadian dollar/Euro ECB reference exchange rate,"ECB reference exchange rate, Canadian dollar/Euro, 2.15 pm (C.E.T.)",CAD,0
EXR.M.CAD.EUR.SP00.A,M,CAD,EUR,SP00,A,2017-10,1.4801136363636,A,F,,,P1M,,A,,,,,,,99Q1=100,,,4,,4F0,,Canadian dollar/Euro ECB reference exchange rate,"ECB reference exchange rate, Canadian dollar/Euro, 2.15 pm (C.E.T.)",CAD,0
EXR.M.CAD.EUR.SP00.A,M,CAD,EUR,SP00,A,2017-11,1.4977727272727,A,F,,,P1M,,A,,,,,,,99Q1=100,,,4,,4F0,,Canadian dollar/Euro ECB reference exchange rate,"ECB reference exchange rate, Canadian dollar/Euro, 2.15 pm (C.E.T.)",CAD,0
EXR.M.CAD.EUR.SP00.A,M,CAD,EUR,SP00,A,2017-12,1.5108473684211,A,F,,,P1M,,A,,,,,,,99Q1=100,,,4,,4F0,,Canadian dollar/Euro ECB reference exchange rate,"ECB reference exchange rate, Canadian dollar/Euro, 2.15 pm (C.E.T.)",CAD,0
EXR.M.CAD.EUR.SP00.A,M,CAD,EUR,SP00,A,2018-01,1.51665,A,F,,,P1M,,A,,,,,,,99Q1=100,,,4,,4F0,,Canadian dollar/Euro ECB reference exchange rate,"ECB reference exchange rate, Canadian dollar/Euro, 2.15 pm (C.E.T.)",CAD,0
EXR.M.CAD.EUR.SP00.A,M,CAD,EUR,SP00,A,2018-02,1.55262,A,F,,,P1M,,A,,,,,,,99Q1=100,,,4,,4F0,,Canadian dollar/Euro ECB reference exchange rate,"ECB reference exchange rate, Canadian dollar/Euro, 2.15 pm (C.E.T.)",CAD,0
EXR.M.CAD.EUR.SP00.A,M,CAD,EUR,SP00,A,2018-03,1.5943238095238,A,F,,,P1M,,A,,,,,,,99Q1=100,,,4,,4F0,,Canadian dollar/Euro ECB reference exchange rate,"ECB reference exchange rate, Canadian dollar/Euro, 2.15 pm (C.E.T.)",CAD,0
EXR.M.CAD.EUR.SP00.A,M,CAD,EUR,SP00,A,2018-04,1.56222,A,F,,,P1M,,A,,,,,,,99Q1=100,,,4,,4F0,,Canadian dollar/Euro ECB reference exchange rate,"ECB reference exchange rate, Canadian dollar/Euro, 2.15 pm (C.E.T.)",CAD,0
EXR.M.CAD.EUR.SP00.A,M,CAD,EUR,SP00,A,2018-05,1.5197227272727,A,F,,,P1M,,A,,,,,,,99Q1=100,,,4,,4F0,,Canadian dollar/Euro ECB reference exchange rate,"ECB reference exchange rate, Canadian dollar/Euro, 2.15 pm (C.E.T.)",CAD,0
EXR.M.CAD.EUR.SP00.A,M,CAD,EUR,SP00,A,2018-06,1.5326857142857,A,F,,,P1M,,A,,,,,,,99Q1=100,,,4,,4F0,,Canadian dollar/Euro ECB reference exchange rate,"ECB reference exchange rate, Canadian dollar/Euro, 2.15 pm (C.E.T.)",CAD,0
EXR.M.CAD.EUR.SP00.A,M,CAD,EUR,SP00,A,2018-07,1.5356227272727,A,F,,,P1M,,A,,,,,,,99Q1=100,,,4,,4F0,,Canadian dollar/Euro ECB reference exchange rate,"ECB reference exchange rate, Canadian dollar/Euro, 2.15 pm (C.E.T.)",CAD,0
EXR.M.CAD.EUR.SP00.A,M,CAD,EUR,SP00,A,2018-08,1.5062652173913,A,F,,,P1M,,A,,,,,,,99Q1=100,,,4,,4F0,,Canadian dollar/Euro ECB reference exchange rate,"ECB reference exchange rate, Canadian dollar/Euro, 2.15 pm (C.E.T.)",CAD,0
EXR.M.CAD.EUR.SP00.A,M,CAD,EUR,SP00,A,2018-09,1.521055,A,F,,,P1M,,A,,,,,,,99Q1=100,,,4,,4F0,,Canadian dollar/Euro ECB reference exchange rate,"ECB reference exchange rate, Canadian dollar/Euro, 2.15 pm (C.E.T.)",CAD,0
EXR.M.CAD.EUR.SP00.A,M,CAD,EUR,SP00,A,2018-10,1.4935,A,F,,,P1M,,A,,,,,,,99Q1=100,,,4,,4F0,,Canadian dollar/Euro ECB reference exchange rate,"ECB reference exchange rate, Canadian dollar/Euro, 2.15 pm (C.E.T.)",CAD,0
EXR.M.CAD.EUR.SP00.A,M,CAD,EUR,SP00,A,2018-11,1.4998454545455,A,F,,,P1M,,A,,,,,,,99Q1=100,,,4,,4F0,,Canadian dollar/Euro ECB reference exchange rate,"ECB reference exchange rate, Canadian dollar/Euro, 2.15 pm (C.E.T.)",CAD,0
EXR.M.CAD.EUR.SP00.A,M,CAD,EUR,SP00,A,2018-12,1.5277789473684,A,F,,,P1M,,A,,,,,,,99Q1=100,,,4,,4F0,,Canadian dollar/Euro ECB reference exchange rate,"ECB reference exchange rate, Canadian dollar/Euro, 2.15 pm (C.E.T.)",CAD,0
EXR.M.CAD.EUR.SP00.A,M,CAD,EUR,SP00,A,2019-01,1.5196136363636,A,F,,,P1M,,A,,,,,,,99Q1=100,,,4,,4F0,,Canadian dollar/Euro ECB reference exchange rate,"ECB reference exchange rate, Canadian dollar/Euro, 2.15 pm (C.E.T.)",CAD,0
EXR.M.CAD.EUR.SP00.A,M,CAD,EUR,SP00,A,2019-02,1.49946,A,F,,,P1M,,A,,,,,,,99Q1=100,,,4,,4F0,,Canadian dollar/Euro ECB reference exchange rate,"ECB reference exchange rate, Canadian dollar/Euro, 2.15 pm (C.E.T.)",CAD,0
EXR.M.CAD.EUR.SP00.A,M,CAD,EUR,SP00,A,2019-03,1.5104095238095,A,F,,,P1M,,A,,,,,,,99Q1=100,,,4,,4F0,,Canadian dollar/Euro ECB reference exchange rate,"ECB reference exchange rate, Canadian dollar/Euro, 2.15 pm (C.E.T.)",CAD,0
EXR.M.CAD.EUR.SP00.A,M,CAD,EUR,SP00,A,2019-04,1.503495,A,F,,,P1M,,A,,,,,,,99Q1=100,,,4,,4F0,,Canadian dollar/Euro ECB reference exchange rate,"ECB reference exchange rate, Canadian dollar/Euro, 2.15 pm (C.E.T.)",CAD,0
EXR.M.CAD.EUR.SP00.A,M,CAD,EUR,SP00,A,2019-05,1.5058,A,F,,,P1M,,A,,,,,,,99Q1=100,,,4,,4F0,,Canadian dollar/Euro ECB reference exchange rate,"ECB reference exchange rate, Canadian dollar/Euro, 2.15 pm (C.E.T.)",CAD,0
EXR.M.CAD.EUR.SP00.A,M,CAD,EUR,SP00,A,2019-06,1.50114,A,F,,,P1M,,A,,,,,,,99Q1=100,,,4,,4F0,,Canadian dollar/Euro ECB reference exchange rate,"ECB reference exchange rate, Canadian dollar/Euro, 2.15 pm (C.E.T.)",CAD,0
EXR.M.CAD.EUR.SP00.A,M,CAD,EUR,SP00,A,2019-07,1.4693086956522,A,F,,,P1M,,A,,,,,,,99Q1=100,,,4,,4F0,,Canadian dollar/Euro ECB reference exchange rate,"ECB reference exchange rate, Canadian dollar/Euro, 2.15 pm (C.E.T.)",CAD,0
EXR.M.CAD.EUR.SP00.A,M,CAD,EUR,SP00,A,2019-08,1.4767818181818,A,F,,,P1M,,A,,,,,,,99Q1=100,,,4,,4F0,,Canadian dollar/Euro ECB reference exchange rate,"ECB reference exchange rate, Canadian dollar/Euro, 2.15 pm (C.E.T.)",CAD,0
EXR.M.CAD.EUR.SP00.A,M,CAD,EUR,SP00,A,2019-09,1.4577714285714,A,F,,,P1M,,A,,,,,,,99Q1=100,,,4,,4F0,,Canadian dollar/Euro ECB reference exchange rate,"ECB reference exchange rate, Canadian dollar/Euro, 2.15 pm (C.E.T.)",CAD,0
EXR.M.CAD.EUR.SP00.A,M,CAD,EUR,SP00,A,2019-10,1.4581434782609,A,F,,,P1M,,A,,,,,,,99Q1=100,,,4,,4F0,,Canadian dollar/Euro ECB reference exchange rate,"ECB reference exchange rate, Canadian dollar/Euro, 2.15 pm (C.E.T.)",CAD,0
EXR.M.CAD.EUR.SP00.A,M,CAD,EUR,SP00,A,2019-11,1.4630142857143,A,F,,,P1M,,A,,,,,,,99Q1=100,,,4,,4F0,,Canadian dollar/Euro ECB reference exchange rate,"ECB reference exchange rate, Canadian dollar/Euro, 2.15 pm (C.E.T.)",CAD,0
EXR.M.CAD.EUR.SP00.A,M,CAD,EUR,SP00,A,2019-12,1.464,A,F,,,P1M,,A,,,,,,,99Q1=100,,,4,,4F0,,Canadian dollar/Euro ECB reference exchange rate,"ECB reference exchange rate, Canadian dollar/Euro, 2.15 pm (C.E.T.)",CAD,0
EXR.M.CAD.EUR.SP00.A,M,CAD,EUR,SP00,A,2020-01,1.4523227272727,A,F,,,P1M,,A,,,,,,,99Q1=100,,,4,,4F0,,Canadian dollar/Euro ECB reference exchange rate,"ECB reference exchange rate, Canadian dollar/Euro, 2.15 pm (C.E.T.)",CAD,0
EXR.M.CAD.EUR.SP00.A,M,CAD,EUR,SP00,A,2020-02,1.448545,A,F,,,P1M,,A,,,,,,,99Q1=100,,,4,,4F0,,Canadian dollar/Euro ECB reference exchange rate,"ECB reference exchange rate, Canadian dollar/Euro, 2.15 pm (C.E.T.)",CAD,0
EXR.M.CAD.EUR.SP00.A,M,CAD,EUR,SP00,A,2020-03,1.5416772727273,A,F,,,P1M,,A,,,,,,,99Q1=100,,,4,,4F0,,Canadian dollar/Euro ECB reference exchange rate,"ECB reference exchange rate, Canadian dollar/Euro, 2.15 pm (C.E.T.)",CAD,0
EXR.M.CAD.EUR.SP00.A,M,CAD,EUR,SP00,A,2020-04,1.52873,A,F,,,P1M,,A,,,,,,,99Q1=100,,,4,,4F0,,Canadian dollar/Euro ECB reference exchange rate,"ECB reference exchange rate, Canadian dollar/Euro, 2.15 pm (C.E.T.)",CAD,0
EXR.M.CAD.EUR.SP00.A,M,CAD,EUR,SP00,A,2020-05,1.52188,A,F,,,P1M,,A,,,,,,,99Q1=100,,,4,,4F0,,Canadian dollar/Euro ECB reference exchange rate,"ECB reference exchange rate, Canadian dollar/Euro, 2.15 pm (C.E.T.)",CAD,0
EXR.M.CAD.EUR.SP00.A,M,CAD,EUR,SP00,A,2020-06,1.5254181818182,A,F,,,P1M,,A,,,,,,,99Q1=100,,,4,,4F0,,Canadian dollar/Euro ECB reference exchange rate,"ECB reference exchange rate, Canadian dollar/Euro, 2.15 pm (C.E.T.)",CAD,0
EXR.M.CAD.EUR.SP00.A,M,CAD,EUR,SP00,A,2020-07,1.5481086956522,A,F,,,P1M,,A,,,,,,,99Q1=100,,,4,,4F0,,Canadian dollar/Euro ECB reference exchange rate,"ECB reference exchange rate, Canadian dollar/Euro, 2.15 pm (C.E.T.)",CAD,0
EXR.M.CAD.EUR.SP00.A,M,CAD,EUR,SP00,A,2020-08,1.5653523809524,A,F,,,P1M,,A,,,,,,,99Q1=100,,,4,,4F0,,Canadian dollar/Euro ECB reference exchange rate,"ECB reference exchange rate, Canadian dollar/Euro, 2.15 pm (C.E.T.)",CAD,0
EXR.M.CAD.EUR.SP00.A,M,CAD,EUR,SP00,A,2020-09,1.5585590909091,A,F,,,P1M,,A,,,,,,,99Q1=100,,,4,,4F0,,Canadian dollar/Euro ECB reference exchange rate,"ECB reference exchange rate, Canadian dollar/Euro, 2.15 pm (C.E.T.)",CAD,0
EXR.M.CAD.EUR.SP00.A,M,CAD,EUR,SP00,A,2020-10,1.5558772727273,A,F,,,P1M,,A,,,,,,,99Q1=100,,,4,,4F0,,Canadian dollar/Euro ECB reference exchange rate,"ECB reference exchange rate, Canadian dollar/Euro, 2.15 pm (C.E.T.)",CAD,0
EXR.M.CAD.EUR.SP00.A,M,CAD,EUR,SP00,A,2020-11,1.5472047619048,A,F,,,P1M,,A,,,,,,,99Q1=100,,,4,,4F0,,Canadian dollar/Euro ECB reference exchange rate,"ECB reference exchange rate, Canadian dollar/Euro, 2.15 pm (C.E.T.)",CAD,0
EXR.M.CAD.EUR.SP00.A,M,CAD,EUR,SP00,A,2020-12,1.5595454545455,A,F,,,P1M,,A,,,,,,,99Q1=100,,,4,,4F0,,Canadian dollar/Euro ECB reference exchange rate,"ECB reference exchange rate, Canadian dollar/Euro, 2.15 pm (C.E.T.)",CAD,0
EXR.M.CAD.EUR.SP00.A,M,CAD,EUR,SP00,A,2021-01,1.549355,A,F,,,P1M,,A,,,,,,,99Q1=100,,,4,,4F0,,Canadian dollar/Euro ECB reference exchange rate,"ECB reference exchange rate, Canadian dollar/Euro, 2.15 pm (C.E.T.)",CAD,0
EXR.M.CAD.EUR.SP00.A,M,CAD,EUR,SP00,A,2021-02,1.53537,A,F,,,P1M,,A,,,,,,,99Q1=100,,,4,,4F0,,Canadian dollar/Euro ECB reference exchange rate,"ECB reference exchange rate, Canadian dollar/Euro, 2.15 pm (C.E.T.)",CAD,0
EXR.M.CAD.EUR.SP00.A,M,CAD,EUR,SP00,A,2021-03,1.4969956521739,A,F,,,P1M,,A,,,,,,,99Q1=100,,,4,,4F0,,Canadian dollar/Euro ECB reference exchange rate,"ECB reference exchange rate, Canadian dollar/Euro, 2.15 pm (C.E.T.)",CAD,0
EXR.M.CAD.EUR.SP00.A,M,CAD,EUR,SP00,A,2021-04,1.497545,A,F,,,P1M,,A,,,,,,,99Q1=100,,,4,,4F0,,Canadian dollar/Euro ECB reference exchange rate,"ECB reference exchange rate, Canadian dollar/Euro, 2.15 pm (C.E.T.)",CAD,0
EXR.M.CAD.EUR.SP00.A,M,CAD,EUR,SP00,A,2021-05,1.4732476190476,A,F,,,P1M,,A,,,,,,,99Q1=100,,,4,,4F0,,Canadian dollar/Euro ECB reference exchange rate,"ECB reference exchange rate, Canadian dollar/Euro, 2.15 pm (C.E.T.)",CAD,0
EXR.M.CAD.EUR.SP00.A,M,CAD,EUR,SP00,A,2021-06,1.4712863636364,A,F,,,P1M,,A,,,,,,,99Q1=100,,,4,,4F0,,Canadian dollar/Euro ECB reference exchange rate,"ECB reference exchange rate, Canadian dollar/Euro, 2.15 pm (C.E.T.)",CAD,0
EXR.M.CAD.EUR.SP00.A,M,CAD,EUR,SP00,A,2021-07,1.4805681818182,A,F,,,P1M,,A,,,,,,,99Q1=100,,,4,,4F0,,Canadian dollar/Euro ECB reference exchange rate,"ECB reference exchange rate, Canadian dollar/Euro, 2.15 pm (C.E.T.)",CAD,0
EXR.M.CAD.EUR.SP00.A,M,CAD,EUR,SP00,A,2021-08,1.4827136363636,A,F,,,P1M,,A,,,,,,,99Q1=100,,,4,,4F0,,Canadian dollar/Euro ECB reference exchange rate,"ECB reference exchange rate, Canadian dollar/Euro, 2.15 pm (C.E.T.)",CAD,0
EXR.M.CAD.EUR.SP00.A,M,CAD,EUR,SP00,A,2021-09,1.4909545454545,A,F,,,P1M,,A,,,,,,,99Q1=100,,,4,,4F0,,Canadian dollar/Euro ECB reference exchange rate,"ECB reference exchange rate, Canadian dollar/Euro, 2.15 pm (C.E.T.)",CAD,0
EXR.M.CAD.EUR.SP00.A,M,CAD,EUR,SP00,A,2021-10,1.4436380952381,A,F,,,P1M,,A,,,,,,,99Q1=100,,,4,,4F0,,Canadian dollar/Euro ECB reference exchange rate,"ECB reference exchange rate, Canadian dollar/Euro, 2.15 pm (C.E.T.)",CAD,0
EXR.M.CAD.EUR.SP00.A,M,CAD,EUR,SP00,A,2021-11,1.4339318181818,A,F,,,P1M,,A,,,,,,,99Q1=100,,,4,,4F0,,Canadian dollar/Euro ECB reference exchange rate,"ECB reference exchange rate, Canadian dollar/Euro, 2.15 pm (C.E.T.)",CAD,0
EXR.M.CAD.EUR.SP00.A,M,CAD,EUR,SP00,A,2021-12,1.4462565217391,A,F,,,P1M,,A,,,,,,,99Q1=100,,,4,,4F0,,Canadian dollar/Euro ECB reference exchange rate,"ECB reference exchange rate, Canadian dollar/Euro, 2.15 pm (C.E.T.)",CAD,0
EXR.M.CAD.EUR.SP00.A,M,CAD,EUR,SP00,A,2022-01,1.4282238095238,A,F,,,P1M,,A,,,,,,,99Q1=100,,,4,,4F0,,Canadian dollar/Euro ECB reference exchange rate,"ECB reference exchange rate, Canadian dollar/Euro, 2.15 pm (C.E.T.)",CAD,0
EXR.M.CAD.EUR.SP00.A,M,CAD,EUR,SP00,A,2022-02,1.44222,A,F,,,P1M,,A,,,,,,,99Q1=100,,,4,,4F0,,Canadian dollar/Euro ECB reference exchange rate,"ECB reference exchange rate, Canadian dollar/Euro, 2.15 pm (C.E.T.)",CAD,0
EXR.M.CAD.EUR.SP00.A,M,CAD,EUR,SP00,A,2022-03,1.3949652173913,A,F,,,P1M,,A,,,,,,,99Q1=100,,,4,,4F0,,Canadian dollar/Euro ECB reference exchange rate,"ECB reference exchange rate, Canadian dollar/Euro, 2.15 pm (C.E.T.)",CAD,0
EXR.M.CAD.EUR.SP00.A,M,CAD,EUR,SP00,A,2022-04,1.3652315789474,A,F,,,P1M,,A,,,,,,,99Q1=100,,,4,,4F0,,Canadian dollar/Euro ECB reference exchange rate,"ECB reference exchange rate, Canadian dollar/Euro, 2.15 pm (C.E.T.)",CAD,0
EXR.M.CAD.EUR.SP00.A,M,CAD,EUR,SP00,A,2022-05,1.3588318181818,A,F,,,P1M,,A,,,,,,,99Q1=100,,,4,,4F0,,Canadian dollar/Euro ECB reference exchange rate,"ECB reference exchange rate, Canadian dollar/Euro, 2.15 pm (C.E.T.)",CAD,0
EXR.M.CAD.EUR.SP00.A,M,CAD,EUR,SP00,A,2022-06,1.3536818181818,A,F,,,P1M,,A,,,,,,,99Q1=100,,,4,,4F0,,Canadian dollar/Euro ECB reference exchange rate,"ECB reference exchange rate, Canadian dollar/Euro, 2.15 pm (C.E.T.)",CAD,0
EXR.M.CAD.EUR.SP00.A,M,CAD,EUR,SP00,A,2022-07,1.3179857142857,A,F,,,P1M,,A,,,,,,,99Q1=100,,,4,,4F0,,Canadian dollar/Euro ECB reference exchange rate,"ECB reference exchange rate, Canadian dollar/Euro, 2.15 pm (C.E.T.)",CAD,0
EXR.M.CAD.EUR.SP00.A,M,CAD,EUR,SP00,A,2022-08,1.3078,A,F,,,P1M,,A,,,,,,,99Q1=100,,,4,,4F0,,Canadian dollar/Euro ECB reference exchange rate,"ECB reference exchange rate, Canadian dollar/Euro, 2.15 pm (C.E.T.)",CAD,0
EXR.M.CAD.EUR.SP00.A,M,CAD,EUR,SP00,A,2022-09,1.3186545454545,A,F,,,P1M,,A,,,,,,,99Q1=100,,,4,,4F0,,Canadian dollar/Euro ECB reference exchange rate,"ECB reference exchange rate, Canadian dollar/Euro, 2.15 pm (C.E.T.)",CAD,0
EXR.M.CAD.EUR.SP00.A,M,CAD,EUR,SP00,A,2022-10,1.3477333333333,A,F,,,P1M,,A,,,,,,,99Q1=100,,,4,,4F0,,Canadian dollar/Euro ECB reference exchange rate,"ECB reference exchange rate, Canadian dollar/Euro, 2.15 pm (C.E.T.)",CAD,0
EXR.M.CAD.EUR.SP00.A,M,CAD,EUR,SP00,A,2022-11,1.3708272727273,A,F,,,P1M,,A,,,,,,,99Q1=100,,,4,,4F0,,Canadian dollar/Euro ECB reference exchange rate,"ECB reference exchange rate, Canadian dollar/Euro, 2.15 pm (C.E.T.)",CAD,0
EXR.M.CAD.EUR.SP00.A,M,CAD,EUR,SP00,A,2022-12,1.4378619047619,A,F,,,P1M,,A,,,,,,,99Q1=100,,,4,,4F0,,Canadian dollar/Euro ECB reference exchange rate,"ECB reference exchange rate, Canadian dollar/Euro, 2.15 pm (C.E.T.)",CAD,0
EXR.M.CAD.EUR.SP00.A,M,CAD,EUR,SP00,A,2023-01,1.4474090909091,A,F,,,P1M,,A,,,,,,,99Q1=100,,,4,,4F0,,Canadian dollar/Euro ECB reference exchange rate,"ECB reference exchange rate, Canadian dollar/Euro, 2.15 pm (C.E.T.)",CAD,0
EXR.M.CAD.EUR.SP00.A,M,CAD,EUR,SP00,A,2023-02,1.43996,A,F,,,P1M,,A,,,,,,,99Q1=100,,,4,,4F0,,Canadian dollar/Euro ECB reference exchange rate,"ECB reference exchange rate, Canadian dollar/Euro, 2.15 pm (C.E.T.)",CAD,0
EXR.M.CAD.EUR.SP00.A,M,CAD,EUR,SP00,A,2023-03,1.4648695652174,A,F,,,P1M,,A,,,,,,,99Q1=100,,,4,,4F0,,Canadian dollar/Euro ECB reference exchange rate,"ECB reference exchange rate, Canadian dollar/Euro, 2.15 pm (C.E.T.)",CAD,0
EXR.M.CAD.EUR.SP00.A,M,CAD,EUR,SP00,A,2023-04,1.4791611111111,A,F,,,P1M,,A,,,,,,,99Q1=100,,,4,,4F0,,Canadian dollar/Euro ECB reference exchange rate,"ECB reference exchange rate, Canadian dollar/Euro, 2.15 pm (C.E.T.)",CAD,0
EXR.M.CAD.EUR.SP00.A,M,CAD,EUR,SP00,A,2023-05,1.4687272727273,A,F,,,P1M,,A,,,,,,,99Q1=100,,,4,,4F0,,Canadian dollar/Euro ECB reference exchange rate,"ECB reference exchange rate, Canadian dollar/Euro, 2.15 pm (C.E.T.)",CAD,0
EXR.M.CAD.EUR.SP00.A,M,CAD,EUR,SP00,A,2023-06,1.4413954545455,A,F,,,P1M,,A,,,,,,,99Q1=100,,,4,,4F0,,Canadian dollar/Euro ECB reference exchange rate,"ECB reference exchange rate, Canadian dollar/Euro, 2.15 pm (C.E.T.)",CAD,0
EXR.M.CAD.EUR.SP00.A,M,CAD,EUR,SP00,A,2023-07,1.4617571428571,A,F,,,P1M,,A,,,,,,,99Q1=100,,,4,,4F0,,Canadian dollar/Euro ECB reference exchange rate,"ECB reference exchange rate, Canadian dollar/Euro, 2.15 pm (C.E.T.)",CAD,0
EXR.M.CAD.EUR.SP00.A,M,CAD,EUR,SP00,A,2023-08,1.4703391304348,A,F,,,P1M,,A,,,,,,,99Q1=100,,,4,,4F0,,Canadian dollar/Euro ECB reference exchange rate,"ECB reference exchange rate, Canadian dollar/Euro, 2.15 pm (C.E.T.)",CAD,0
EXR.M.CAD.EUR.SP00.A,M,CAD,EUR,SP00,A,2023-09,1.4457761904762,A,F,,,P1M,,A,,,,,,,99Q1=100,,,4,,4F0,,Canadian dollar/Euro ECB reference exchange rate,"ECB reference exchange rate, Canadian dollar/Euro, 2.15 pm (C.E.T.)",CAD,0
EXR.M.CAD.EUR.SP00.A,M,CAD,EUR,SP00,A,2023-10,1.4474409090909,A,F,,,P1M,,A,,,,,,,99Q1=100,,,4,,4F0,,Canadian dollar/Euro ECB reference exchange rate,"ECB reference exchange rate, Canadian dollar/Euro, 2.15 pm (C.E.T.)",CAD,0
EXR.M.CAD.EUR.SP00.A,M,CAD,EUR,SP00,A,2023-11,1.4827954545455,A,F,,,P1M,,A,,,,,,,99Q1=100,,,4,,4F0,,Canadian dollar/Euro ECB reference exchange rate,"ECB reference exchange rate, Canadian dollar/Euro, 2.15 pm (C.E.T.)",CAD,0
EXR.M.CAD.EUR.SP00.A,M,CAD,EUR,SP00,A,2023-12,1.4653421052632,A,F,,,P1M,,A,,,,,,,99Q1=100,,,4,,4F0,,Canadian dollar/Euro ECB reference exchange rate,"ECB reference exchange rate, Canadian dollar/Euro, 2.15 pm (C.E.T.)",CAD,0
EXR.M.CAD.EUR.SP00.A,M,CAD,EUR,SP00,A,2024-01,1.4631,A,F,,,P1M,,A,,,,,,,99Q1=100,,,4,,4F0,,Canadian dollar/Euro ECB reference exchange rate,"ECB reference exchange rate, Canadian dollar/Euro, 2.15 pm (C.E.T.)",CAD,0
EXR.M.CAD.EUR.SP00.A,M,CAD,EUR,SP00,A,2024-02,1.4564428571429,A,F,,,P1M,,A,,,,,,,99Q1=100,,,4,,4F0,,Canadian dollar/Euro ECB reference exchange rate,"ECB reference exchange rate, Canadian dollar/Euro, 2.15 pm (C.E.T.)",CAD,0
EXR.M.CAD.EUR.SP00.A,M,CAD,EUR,SP00,A,2024-03,1.472605,A,F,,,P1M,,A,,,,,,,99Q1=100,,,4,,4F0,,Canadian dollar/Euro ECB reference exchange rate,"ECB reference exchange rate, Canadian dollar/Euro, 2.15 pm (C.E.T.)",CAD,0
EXR.M.CAD.EUR.SP00.A,M,CAD,EUR,SP00,A,2024-04,1.4660857142857,A,F,,,P1M,,A,,,,,,,99Q1=100,,,4,,4F0,,Canadian dollar/Euro ECB reference exchange rate,"ECB reference exchange rate, Canadian dollar/Euro, 2.15 pm (C.E.T.)",CAD,0
EXR.M.CAD.EUR.SP00.A,M,CAD,EUR,SP00,A,2024-05,1.4779636363636,A,F,,,P1M,,A,,,,,,,99Q1=100,,,4,,4F0,,Canadian dollar/Euro ECB reference exchange rate,"ECB reference exchange rate, Canadian dollar/Euro, 2.15 pm (C.E.T.)",CAD,0
EXR.M.CAD.EUR.SP00.A,M,CAD,EUR,SP00,A,2024-06,1.474975,A,F,,,P1M,,A,,,,,,,99Q1=100,,,4,,4F0,,Canadian dollar/Euro ECB reference exchange rate,"ECB reference exchange rate, Canadian dollar/Euro, 2.15 pm (C.E.T.)",CAD,0
EXR.M.CAD.EUR.SP00.A,M,CAD,EUR,SP00,A,2024-07,1.4868260869565,A,F,,,P1M,,A,,,,,,,99Q1=100,,,4,,4F0,,Canadian dollar/Euro ECB reference exchange rate,"ECB reference exchange rate, Canadian dollar/Euro, 2.15 pm (C.E.T.)",CAD,0
EXR.M.CAD.EUR.SP00.A,M,CAD,EUR,SP00,A,2024-08,1.5049318181818,A,F,,,P1M,,A,,,,,,,99Q1=100,,,4,,4F0,,Canadian dollar/Euro ECB reference exchange rate,"ECB reference exchange rate, Canadian dollar/Euro, 2.15 pm (C.E.T.)",CAD,0
EXR.M.CAD.EUR.SP00.A,M,CAD,EUR,SP00,A,2024-09,1.5036714285714,A,F,,,P1M,,A,,,,,,,99Q1=100,,,4,,4F0,,Canadian dollar/Euro ECB reference exchange rate,"ECB reference exchange rate, Canadian dollar/Euro, 2.15 pm (C.E.T.)",CAD,0
EXR.M.CAD.EUR.SP00.A,M,CAD,EUR,SP00,A,2024-10,1.4992913043478,A,F,,,P1M,,A,,,,,,,99Q1=100,,,4,,4F0,,Canadian dollar/Euro ECB reference exchange rate,"ECB reference exchange rate, Canadian dollar/Euro, 2.15 pm (C.E.T.)",CAD,0
EXR.M.CAD.EUR.SP00.A,M,CAD,EUR,SP00,A,2024-11,1.4855142857143,A,F,,,P1M,,A,,,,,,,99Q1=100,,,4,,4F0,,Canadian dollar/Euro ECB reference exchange rate,"ECB reference exchange rate, Canadian dollar/Euro, 2.15 pm (C.E.T.)",CAD,0
EXR.M.CAD.EUR.SP00.A,M,CAD,EUR,SP00,A,2024-12,1.491505,A,F,,,P1M,,A,,,,,,,99Q1=100,,,4,,4F0,,Canadian dollar/Euro ECB reference exchange rate,"ECB reference exchange rate, Canadian dollar/Euro, 2.15 pm (C.E.T.)",CAD,0
EXR.M.CAD.EUR.SP00.A,M,CAD,EUR,SP00,A,2025-01,1.4903681818182,A,F,,,P1M,,A,,,,,,,99Q1=100,,,4,,4F0,,Canadian dollar/Euro ECB reference exchange rate,"ECB reference exchange rate, Canadian dollar/Euro, 2.15 pm (C.E.T.)",CAD,0
EXR.M.CAD.EUR.SP00.A,M,CAD,EUR,SP00,A,2025-02,1.489335,A,F,,,P1M,,A,,,,,,,99Q1=100,,,4,,4F0,,Canadian dollar/Euro ECB reference exchange rate,"ECB reference exchange rate, Canadian dollar/Euro, 2.15 pm (C.E.T.)",CAD,0
EXR.M.CAD.EUR.SP00.A,M,CAD,EUR,SP00,A,2025-03,1.5518142857143,A,F,,,P1M,,A,,,,,,,99Q1=100,,,4,,4F0,,Canadian dollar/Euro ECB reference exchange rate,"ECB reference exchange rate, Canadian dollar/Euro, 2.15 pm (C.E.T.)",CAD,0
EXR.M.CAD.EUR.SP00.A,M,CAD,EUR,SP00,A,2025-04,1.570105,A,F,,,P1M,,A,,,,,,,99Q1=100,,,4,,4F0,,Canadian dollar/Euro ECB reference exchange rate,"ECB reference exchange rate, Canadian dollar/Euro, 2.15 pm (C.E.T.)",CAD,0
EXR.M.CAD.EUR.SP00.A,M,CAD,EUR,SP00,A,2025-05,1.5645952380952384,A,F,,,P1M,,A,,,,,,,99Q1=100,,,4,,4F0,,Canadian dollar/Euro ECB reference exchange rate,"ECB reference exchange rate, Canadian dollar/Euro, 2.15 pm (C.E.T.)",CAD,0
EXR.M.CAD.EUR.SP00.A,M,CAD,EUR,SP00,A,2025-06,1.5753809523809523,A,F,,,P1M,,A,,,,,,,99Q1=100,,,4,,4F0,,Canadian dollar/Euro ECB reference exchange rate,"ECB reference exchange rate, Canadian dollar/Euro, 2.15 pm (C.E.T.)",CAD,0
EXR.M.CAD.EUR.SP00.A,M,CAD,EUR,SP00,A,2025-07,1.5981869565217395,A,F,,,P1M,,A,,,,,,,99Q1=100,,,4,,4F0,,Canadian dollar/Euro ECB reference exchange rate,"ECB reference exchange rate, Canadian dollar/Euro, 2.15 pm (C.E.T.)",CAD,0
EXR.M.CAD.EUR.SP00.A,M,CAD,EUR,SP00,A,2025-08,1.6056952380952378,A,F,,,P1M,,A,,,,,,,99Q1=100,,,4,,4F0,,Canadian dollar/Euro ECB reference exchange rate,"ECB reference exchange rate, Canadian dollar/Euro, 2.15 pm (C.E.T.)",CAD,0
EXR.M.CAD.EUR.SP00.A,M,CAD,EUR,SP00,A,2025-09,1.62265,A,F,,,P1M,,A,,,,,,,99Q1=100,,,4,,4F0,,Canadian dollar/Euro ECB reference exchange rate,"ECB reference exchange rate, Canadian dollar/Euro, 2.15 pm (C.E.T.)",CAD,0
EXR.M.CAD.EUR.SP00.A,M,CAD,EUR,SP00,A,2025-10,1.6280260869565215,A,F,,,P1M,,A,,,,,,,99Q1=100,,,4,,4F0,,Canadian dollar/Euro ECB reference exchange rate,"ECB reference exchange rate, Canadian dollar/Euro, 2.15 pm (C.E.T.)",CAD,0
EXR.M.CAD.EUR.SP00.A,M,CAD,EUR,SP00,A,2025-11,1.6248200000000002,A,F,,,P1M,,A,,,,,,,99Q1=100,,,4,,4F0,,Canadian dollar/Euro ECB reference exchange rate,"ECB reference exchange rate, Canadian dollar/Euro, 2.15 pm (C.E.T.)",CAD,0
EXR.M.CAD.EUR.SP00.A,M,CAD,EUR,SP00,A,2025-12,1.6168333333333336,A,F,,,P1M,,A,,,,,,,99Q1=100,,,4,,4F0,,Canadian dollar/Euro ECB reference exchange rate,"ECB reference exchange rate, Canadian dollar/Euro, 2.15 pm (C.E.T.)",CAD,0
EXR.M.CAD.EUR.SP00.A,M,CAD,EUR,SP00,A,2026-01,1.6173000000000002,A,F,,,P1M,,A,,,,,,,99Q1=100,,,4,,4F0,,Canadian dollar/Euro ECB reference exchange rate,"ECB reference exchange rate, Canadian dollar/Euro, 2.15 pm (C.E.T.)",CAD,0
EXR.M.CAD.EUR.SP00.A,M,CAD,EUR,SP00,A,2026-02,1.6140449999999997,A,F,,,P1M,,A,,,,,,,99Q1=100,,,4,,4F0,,Canadian dollar/Euro ECB reference exchange rate,"ECB reference exchange rate, Canadian dollar/Euro, 2.15 pm (C.E.T.)",CAD,0
EXR.M.CAD.EUR.SP00.A,M,CAD,EUR,SP00,A,2026-03,1.584795454545455,A,F,,,P1M,,A,,,,,,,99Q1=100,,,4,,4F0,,Canadian dollar/Euro ECB reference exchange rate,"ECB reference exchange rate, Canadian dollar/Euro, 2.15 pm (C.E.T.)",CAD,0
